Period,Geography,Product,Campaign,Outlet,Creative,VariableName,VariableValue
2024-07-15,,,,,,Sales,789.056468471508
2024-07-15,,,,,,TV,43.873559993362385
2024-07-15,,,,,,Search,126.72258830955239
2024-07-15,,,,,,Social,19.56013820584961
2024-07-15,,,,,,Display,24.047164811012436
2024-07-15,,,,,,Video,39.14270741821918
2024-07-15,,,,,,Radio,5.884881744913128
2024-07-15,,,,,,Print,3.335182763411736
2024-07-15,,,,,,category_demand,127.75975360026733
2024-07-15,,,,,,distribution,82.67483929251657
2024-07-15,,,,,,price,11.7
2024-07-15,,,,,,competitor_promo,49.31223601684574
2024-07-15,,,,,,weather,0.29561598965116587
2024-07-15,,,,,,holiday,0.0
2024-07-15,,,,,,brand_awareness,56.09338089230032
2024-07-15,,,,,,noise_1,0.029051532758468397
2024-07-15,,,,,,noise_2,0.17666405773322094
2024-07-15,,,,,,noise_3,-0.10818156088489703
2024-07-15,,,,,,noise_4,0.032926267406088894
2024-07-15,,,,,,noise_5,0.006138460439048124
2024-07-15,,,,,,noise_6,0.07677700794923147
2024-07-22,,,,,,Sales,876.5511432065292
2024-07-22,,,,,,TV,24.443527253552443
2024-07-22,,,,,,Search,250.36479870830954
2024-07-22,,,,,,Social,16.085508891382275
2024-07-22,,,,,,Display,5.9262193048276535
2024-07-22,,,,,,Video,41.2088851501014
2024-07-22,,,,,,Radio,7.834738671342545
2024-07-22,,,,,,Print,4.618204882148821
2024-07-22,,,,,,category_demand,131.5121770007065
2024-07-22,,,,,,distribution,82.60301432961707
2024-07-22,,,,,,price,12.496354437049026
2024-07-22,,,,,,competitor_promo,47.75865681030669
2024-07-22,,,,,,weather,0.26409503348662655
2024-07-22,,,,,,holiday,0.0
2024-07-22,,,,,,brand_awareness,58.68515416976792
2024-07-22,,,,,,noise_1,0.039806984193900795
2024-07-22,,,,,,noise_2,0.10838912306510623
2024-07-22,,,,,,noise_3,-0.10778364430058854
2024-07-22,,,,,,noise_4,0.2290385739803949
2024-07-22,,,,,,noise_5,-0.05485504830162788
2024-07-22,,,,,,noise_6,0.09423992556127007
2024-07-29,,,,,,Sales,878.5032459155406
2024-07-29,,,,,,TV,7.348367005553362
2024-07-29,,,,,,Search,74.93649525288038
2024-07-29,,,,,,Social,20.860100584634328
2024-07-29,,,,,,Display,8.178492070359926
2024-07-29,,,,,,Video,16.556106062797433
2024-07-29,,,,,,Radio,5.5577217763935565
2024-07-29,,,,,,Print,3.48536744321462
2024-07-29,,,,,,category_demand,122.89961630069496
2024-07-29,,,,,,distribution,85.70734923805671
2024-07-29,,,,,,price,11.685470908713025
2024-07-29,,,,,,competitor_promo,47.23722204224823
2024-07-29,,,,,,weather,0.6912482825856142
2024-07-29,,,,,,holiday,0.0
2024-07-29,,,,,,brand_awareness,53.98193515327502
2024-07-29,,,,,,noise_1,0.15261759807696262
2024-07-29,,,,,,noise_2,0.1675661335751742
2024-07-29,,,,,,noise_3,-0.0378141447274553
2024-07-29,,,,,,noise_4,0.17313131102999096
2024-07-29,,,,,,noise_5,-0.045912491636527934
2024-07-29,,,,,,noise_6,-0.02013147656519503
2024-08-05,,,,,,Sales,754.2344443318826
2024-08-05,,,,,,TV,4.847236204018005
2024-08-05,,,,,,Search,8.110319364330406
2024-08-05,,,,,,Social,11.405669743910208
2024-08-05,,,,,,Display,11.509390926510733
2024-08-05,,,,,,Video,3.9235610745362672
2024-08-05,,,,,,Radio,31.038370531152406
2024-08-05,,,,,,Print,20.131490569199418
2024-08-05,,,,,,category_demand,113.60907264476927
2024-08-05,,,,,,distribution,82.643593334929
2024-08-05,,,,,,price,12.467508121342707
2024-08-05,,,,,,competitor_promo,44.530959114779975
2024-08-05,,,,,,weather,0.47530236214383165
2024-08-05,,,,,,holiday,0.0
2024-08-05,,,,,,brand_awareness,46.99610489943293
2024-08-05,,,,,,noise_1,0.22220598071498215
2024-08-05,,,,,,noise_2,0.1972369269156105
2024-08-05,,,,,,noise_3,0.009195968225705604
2024-08-05,,,,,,noise_4,0.22630733898241295
2024-08-05,,,,,,noise_5,0.09153325917428126
2024-08-05,,,,,,noise_6,0.11072763444601359
2024-08-12,,,,,,Sales,743.6034650723333
2024-08-12,,,,,,TV,4.738102434410971
2024-08-12,,,,,,Search,14.326853913520583
2024-08-12,,,,,,Social,3.3469669820064225
2024-08-12,,,,,,Display,6.581670730005239
2024-08-12,,,,,,Video,3.712937716750083
2024-08-12,,,,,,Radio,33.83139352435681
2024-08-12,,,,,,Print,21.5076959549719
2024-08-12,,,,,,category_demand,120.28923968132631
2024-08-12,,,,,,distribution,81.38361423449707
2024-08-12,,,,,,price,12.442728012826604
2024-08-12,,,,,,competitor_promo,44.76424665441905
2024-08-12,,,,,,weather,0.8139044581905974
2024-08-12,,,,,,holiday,0.0
2024-08-12,,,,,,brand_awareness,41.99969930237543
2024-08-12,,,,,,noise_1,0.06888885868187761
2024-08-12,,,,,,noise_2,0.09704955679393058
2024-08-12,,,,,,noise_3,0.18856085525587488
2024-08-12,,,,,,noise_4,0.1036437595818059
2024-08-12,,,,,,noise_5,0.024368784681540842
2024-08-12,,,,,,noise_6,0.20846721434480658
2024-08-19,,,,,,Sales,685.3637005800836
2024-08-19,,,,,,TV,4.734893159032718
2024-08-19,,,,,,Search,9.369936937315941
2024-08-19,,,,,,Social,2.2127998849754205
2024-08-19,,,,,,Display,11.766793609666479
2024-08-19,,,,,,Video,4.43485220065488
2024-08-19,,,,,,Radio,48.05918016266989
2024-08-19,,,,,,Print,27.775721105205665
2024-08-19,,,,,,category_demand,96.9492947787288
2024-08-19,,,,,,distribution,81.07046473480364
2024-08-19,,,,,,price,12.411491932946829
2024-08-19,,,,,,competitor_promo,49.55038609488898
2024-08-19,,,,,,weather,0.921920110922196
2024-08-19,,,,,,holiday,0.0
2024-08-19,,,,,,brand_awareness,46.738335655477094
2024-08-19,,,,,,noise_1,0.10879756371529975
2024-08-19,,,,,,noise_2,0.0951417159301807
2024-08-19,,,,,,noise_3,0.32312781558277054
2024-08-19,,,,,,noise_4,0.3091628525085826
2024-08-19,,,,,,noise_5,-0.009064637010534777
2024-08-19,,,,,,noise_6,0.15218584051349
2024-08-26,,,,,,Sales,782.2285294794613
2024-08-26,,,,,,TV,8.940284032239363
2024-08-26,,,,,,Search,12.968133086222142
2024-08-26,,,,,,Social,3.0992804942198418
2024-08-26,,,,,,Display,9.79168965265192
2024-08-26,,,,,,Video,4.10260938345617
2024-08-26,,,,,,Radio,38.56403222000283
2024-08-26,,,,,,Print,24.11080558445436
2024-08-26,,,,,,category_demand,123.2077238678436
2024-08-26,,,,,,distribution,83.44138142029189
2024-08-26,,,,,,price,12.37425537408555
2024-08-26,,,,,,competitor_promo,51.79597761532608
2024-08-26,,,,,,weather,1.643111246424357
2024-08-26,,,,,,holiday,0.0
2024-08-26,,,,,,brand_awareness,41.37432163548076
2024-08-26,,,,,,noise_1,0.19674901372273693
2024-08-26,,,,,,noise_2,0.0693058754481009
2024-08-26,,,,,,noise_3,0.2702444665007697
2024-08-26,,,,,,noise_4,0.2375470437887554
2024-08-26,,,,,,noise_5,-0.08813316275168269
2024-08-26,,,,,,noise_6,0.2336995916575426
2024-09-02,,,,,,Sales,845.5890008486382
2024-09-02,,,,,,TV,38.443991706594495
2024-09-02,,,,,,Search,151.13554024069384
2024-09-02,,,,,,Social,3.92755722849922
2024-09-02,,,,,,Display,9.416847778814875
2024-09-02,,,,,,Video,22.11366177250887
2024-09-02,,,,,,Radio,21.130788557951263
2024-09-02,,,,,,Print,14.250680449788948
2024-09-02,,,,,,category_demand,143.74572057824528
2024-09-02,,,,,,distribution,83.25492268752365
2024-09-02,,,,,,price,12.331561329120397
2024-09-02,,,,,,competitor_promo,49.62103181729783
2024-09-02,,,,,,weather,0.7194829191732486
2024-09-02,,,,,,holiday,0.0
2024-09-02,,,,,,brand_awareness,48.022511612746555
2024-09-02,,,,,,noise_1,0.24145165369279561
2024-09-02,,,,,,noise_2,-0.1587149646122193
2024-09-02,,,,,,noise_3,0.26149959896059577
2024-09-02,,,,,,noise_4,0.02103806363979944
2024-09-02,,,,,,noise_5,-0.0023740377681517946
2024-09-02,,,,,,noise_6,0.1616109049999137
2024-09-09,,,,,,Sales,892.8428132349576
2024-09-09,,,,,,TV,50.176598390426065
2024-09-09,,,,,,Search,118.99408371698051
2024-09-09,,,,,,Social,2.4806217484299116
2024-09-09,,,,,,Display,39.94539044337653
2024-09-09,,,,,,Video,40.12843132733965
2024-09-09,,,,,,Radio,7.27236604613593
2024-09-09,,,,,,Print,4.833645140117689
2024-09-09,,,,,,category_demand,117.57370093139241
2024-09-09,,,,,,distribution,80.56971760784113
2024-09-09,,,,,,price,12.284032373365578
2024-09-09,,,,,,competitor_promo,47.9082690400616
2024-09-09,,,,,,weather,0.958044356997762
2024-09-09,,,,,,holiday,0.0
2024-09-09,,,,,,brand_awareness,59.21011900553558
2024-09-09,,,,,,noise_1,0.342457313362619
2024-09-09,,,,,,noise_2,-0.10001062716201747
2024-09-09,,,,,,noise_3,0.13583412645554854
2024-09-09,,,,,,noise_4,0.008705886745362075
2024-09-09,,,,,,noise_5,-0.10295388328354131
2024-09-09,,,,,,noise_6,0.27199471579558854
2024-09-16,,,,,,Sales,793.5827649915173
2024-09-16,,,,,,TV,33.9832777180582
2024-09-16,,,,,,Search,43.67137631303754
2024-09-16,,,,,,Social,2.3083067245249476
2024-09-16,,,,,,Display,62.43464346317383
2024-09-16,,,,,,Video,27.538227447459832
2024-09-16,,,,,,Radio,3.839743272372027
2024-09-16,,,,,,Print,2.4567709954271515
2024-09-16,,,,,,category_demand,112.26039341670815
2024-09-16,,,,,,distribution,80.95453666800337
2024-09-16,,,,,,price,12.232361586021884
2024-09-16,,,,,,competitor_promo,47.11453250317731
2024-09-16,,,,,,weather,0.9505700576175891
2024-09-16,,,,,,holiday,0.0
2024-09-16,,,,,,brand_awareness,62.26756961712983
2024-09-16,,,,,,noise_1,0.2885668554809569
2024-09-16,,,,,,noise_2,-0.0470354014050491
2024-09-16,,,,,,noise_3,0.1602950039070332
2024-09-16,,,,,,noise_4,-0.004966410520968383
2024-09-16,,,,,,noise_5,-0.2140520308282505
2024-09-16,,,,,,noise_6,0.2506346053363653
2024-09-23,,,,,,Sales,806.9856021439367
2024-09-23,,,,,,TV,13.390092805542766
2024-09-23,,,,,,Search,14.570150760968989
2024-09-23,,,,,,Social,9.354719585663956
2024-09-23,,,,,,Display,79.79801209052091
2024-09-23,,,,,,Video,17.624153409152743
2024-09-23,,,,,,Radio,4.454822384319171
2024-09-23,,,,,,Print,2.715326615458325
2024-09-23,,,,,,category_demand,108.60570802975961
2024-09-23,,,,,,distribution,83.01972977169719
2024-09-23,,,,,,price,12.177302443521267
2024-09-23,,,,,,competitor_promo,49.08435459359371
2024-09-23,,,,,,weather,1.1217537486396263
2024-09-23,,,,,,holiday,0.0
2024-09-23,,,,,,brand_awareness,57.72860285042094
2024-09-23,,,,,,noise_1,0.1953301239141176
2024-09-23,,,,,,noise_2,-0.0900764990931363
2024-09-23,,,,,,noise_3,0.1751038371683837
2024-09-23,,,,,,noise_4,0.18287083029124349
2024-09-23,,,,,,noise_5,-0.3501235796693995
2024-09-23,,,,,,noise_6,0.17190943147867757
2024-09-30,,,,,,Sales,843.135189960473
2024-09-30,,,,,,TV,5.911396281226746
2024-09-30,,,,,,Search,12.301929310416142
2024-09-30,,,,,,Social,19.02184168737119
2024-09-30,,,,,,Display,65.68807545710298
2024-09-30,,,,,,Video,3.363890484144746
2024-09-30,,,,,,Radio,6.092019996427651
2024-09-30,,,,,,Print,4.0674649680027875
2024-09-30,,,,,,category_demand,108.18939565574061
2024-09-30,,,,,,distribution,82.85307792088116
2024-09-30,,,,,,price,12.11965783214378
2024-09-30,,,,,,competitor_promo,47.47328602054884
2024-09-30,,,,,,weather,1.2808329483058212
2024-09-30,,,,,,holiday,0.0
2024-09-30,,,,,,brand_awareness,48.3478579925348
2024-09-30,,,,,,noise_1,0.28653099329333354
2024-09-30,,,,,,noise_2,-0.22133329670357957
2024-09-30,,,,,,noise_3,0.4402021423829638
2024-09-30,,,,,,noise_4,0.14964683061046863
2024-09-30,,,,,,noise_5,-0.4882357706931431
2024-09-30,,,,,,noise_6,0.13532353542335537
2024-10-07,,,,,,Sales,727.7616644535055
2024-10-07,,,,,,TV,4.050052091839241
2024-10-07,,,,,,Search,8.986336333869028
2024-10-07,,,,,,Social,18.685866401327072
2024-10-07,,,,,,Display,44.140935346618065
2024-10-07,,,,,,Video,4.033739592348736
2024-10-07,,,,,,Radio,4.749755705342032
2024-10-07,,,,,,Print,2.9491727140825703
2024-10-07,,,,,,category_demand,105.76372255375966
2024-10-07,,,,,,distribution,80.78139229997537
2024-10-07,,,,,,price,12.060268340127662
2024-10-07,,,,,,competitor_promo,46.11963083819949
2024-10-07,,,,,,weather,0.781827309307252
2024-10-07,,,,,,holiday,0.0
2024-10-07,,,,,,brand_awareness,42.73337799265516
2024-10-07,,,,,,noise_1,0.18205358654430728
2024-10-07,,,,,,noise_2,-0.07621903864008246
2024-10-07,,,,,,noise_3,0.4497701685446112
2024-10-07,,,,,,noise_4,0.14840700949305666
2024-10-07,,,,,,noise_5,-0.4420607818138026
2024-10-07,,,,,,noise_6,0.06022768920800647
2024-10-14,,,,,,Sales,720.265356826721
2024-10-14,,,,,,TV,3.685366925933342
2024-10-14,,,,,,Search,5.487350544206087
2024-10-14,,,,,,Social,24.82665100279137
2024-10-14,,,,,,Display,21.389708146568882
2024-10-14,,,,,,Video,4.372018878331999
2024-10-14,,,,,,Radio,14.691623407364906
2024-10-14,,,,,,Print,8.804736705881993
2024-10-14,,,,,,category_demand,90.28949802659479
2024-10-14,,,,,,distribution,82.43332430277798
2024-10-14,,,,,,price,12.0
2024-10-14,,,,,,competitor_promo,47.854767232865896
2024-10-14,,,,,,weather,0.6311769528588633
2024-10-14,,,,,,holiday,0.0
2024-10-14,,,,,,brand_awareness,42.27644122160807
2024-10-14,,,,,,noise_1,-0.029706490762799
2024-10-14,,,,,,noise_2,-0.05013566254349123
2024-10-14,,,,,,noise_3,0.24450988516356398
2024-10-14,,,,,,noise_4,0.20659847849320592
2024-10-14,,,,,,noise_5,-0.1901373469939859
2024-10-14,,,,,,noise_6,0.0790685332317551
2024-10-21,,,,,,Sales,723.051418421389
2024-10-21,,,,,,TV,3.294119992033483
2024-10-21,,,,,,Search,35.76931676197295
2024-10-21,,,,,,Social,23.373162690962538
2024-10-21,,,,,,Display,6.962246133988566
2024-10-21,,,,,,Video,2.8010517485661097
2024-10-21,,,,,,Radio,55.850220371267326
2024-10-21,,,,,,Print,34.216553412837946
2024-10-21,,,,,,category_demand,93.2220144130852
2024-10-21,,,,,,distribution,82.11155645555449
2024-10-21,,,,,,price,11.939731659872338
2024-10-21,,,,,,competitor_promo,49.55049043645472
2024-10-21,,,,,,weather,0.32118244930981044
2024-10-21,,,,,,holiday,0.0
2024-10-21,,,,,,brand_awareness,36.04605499151919
2024-10-21,,,,,,noise_1,0.07083244048896506
2024-10-21,,,,,,noise_2,0.04956010164228363
2024-10-21,,,,,,noise_3,0.17860638303801468
2024-10-21,,,,,,noise_4,0.3621451163204253
2024-10-21,,,,,,noise_5,-0.28774202508489355
2024-10-21,,,,,,noise_6,0.096239014073325
2024-10-28,,,,,,Sales,747.5922367133343
2024-10-28,,,,,,TV,6.787149900344465
2024-10-28,,,,,,Search,105.31829581890791
2024-10-28,,,,,,Social,2.5152703687823545
2024-10-28,,,,,,Display,6.519795002927264
2024-10-28,,,,,,Video,21.340296202746025
2024-10-28,,,,,,Radio,56.96487025463031
2024-10-28,,,,,,Print,39.9449689950141
2024-10-28,,,,,,category_demand,103.32673707399442
2024-10-28,,,,,,distribution,78.33819961482723
2024-10-28,,,,,,price,11.880342167856222
2024-10-28,,,,,,competitor_promo,48.817379571919005
2024-10-28,,,,,,weather,0.4594862172949105
2024-10-28,,,,,,holiday,0.0
2024-10-28,,,,,,brand_awareness,42.78383927988368
2024-10-28,,,,,,noise_1,-0.00017973388477492868
2024-10-28,,,,,,noise_2,0.1878535316774531
2024-10-28,,,,,,noise_3,0.18962312961307454
2024-10-28,,,,,,noise_4,0.3559449425179676
2024-10-28,,,,,,noise_5,-0.1944352804480369
2024-10-28,,,,,,noise_6,0.09974978366174685
2024-11-04,,,,,,Sales,719.927721924951
2024-11-04,,,,,,TV,7.737721917943683
2024-11-04,,,,,,Search,6.303470361744564
2024-11-04,,,,,,Social,2.550244533523182
2024-11-04,,,,,,Display,8.892253075322584
2024-11-04,,,,,,Video,41.7182572599764
2024-11-04,,,,,,Radio,45.83993698270368
2024-11-04,,,,,,Print,29.860416716666546
2024-11-04,,,,,,category_demand,78.51871829752051
2024-11-04,,,,,,distribution,80.31424355935317
2024-11-04,,,,,,price,11.822697556478733
2024-11-04,,,,,,competitor_promo,46.625265163662476
2024-11-04,,,,,,weather,0.8114795610759049
2024-11-04,,,,,,holiday,0.0
2024-11-04,,,,,,brand_awareness,55.20377608110895
2024-11-04,,,,,,noise_1,-0.03019199410399616
2024-11-04,,,,,,noise_2,0.13677441902310783
2024-11-04,,,,,,noise_3,0.06646069718419649
2024-11-04,,,,,,noise_4,0.45787413604398575
2024-11-04,,,,,,noise_5,-0.16981220918865278
2024-11-04,,,,,,noise_6,0.04516914868105433
2024-11-11,,,,,,Sales,691.9684228836179
2024-11-11,,,,,,TV,10.619566308671564
2024-11-11,,,,,,Search,1.187627403894708
2024-11-11,,,,,,Social,2.0661258697157843
2024-11-11,,,,,,Display,11.222751858742452
2024-11-11,,,,,,Video,37.212538726116904
2024-11-11,,,,,,Radio,15.413492930811884
2024-11-11,,,,,,Print,10.622404058513483
2024-11-11,,,,,,category_demand,63.66723205997386
2024-11-11,,,,,,distribution,81.19005733208886
2024-11-11,,,,,,price,11.767638413978116
2024-11-11,,,,,,competitor_promo,43.585965511775576
2024-11-11,,,,,,weather,0.567954722922035
2024-11-11,,,,,,holiday,0.0
2024-11-11,,,,,,brand_awareness,53.94682242506069
2024-11-11,,,,,,noise_1,-0.16727514749296915
2024-11-11,,,,,,noise_2,0.21641272306134043
2024-11-11,,,,,,noise_3,-0.018576012494967948
2024-11-11,,,,,,noise_4,0.5086765095865746
2024-11-11,,,,,,noise_5,-0.2778744124528535
2024-11-11,,,,,,noise_6,-0.31382945884017704
2024-11-18,,,,,,Sales,584.085708358227
2024-11-18,,,,,,TV,2.377341902569907
2024-11-18,,,,,,Search,1.0905819794085863
2024-11-18,,,,,,Social,2.9057176866940004
2024-11-18,,,,,,Display,6.140349430575418
2024-11-18,,,,,,Video,15.58658597642753
2024-11-18,,,,,,Radio,7.24275175455592
2024-11-18,,,,,,Print,4.52405302815718
2024-11-18,,,,,,category_demand,54.374361687006726
2024-11-18,,,,,,distribution,79.51311528348363
2024-11-18,,,,,,price,11.715967626634422
2024-11-18,,,,,,competitor_promo,42.215133089881995
2024-11-18,,,,,,weather,0.1452613437899059
2024-11-18,,,,,,holiday,0.0
2024-11-18,,,,,,brand_awareness,51.68142156007788
2024-11-18,,,,,,noise_1,-0.2972538211842128
2024-11-18,,,,,,noise_2,0.19276611678465677
2024-11-18,,,,,,noise_3,-0.054429553283878905
2024-11-18,,,,,,noise_4,0.47962824511413354
2024-11-18,,,,,,noise_5,-0.3050070356257373
2024-11-18,,,,,,noise_6,-0.3047261778000421
2024-11-25,,,,,,Sales,553.2032077272162
2024-11-25,,,,,,TV,1.2430636933481711
2024-11-25,,,,,,Search,1.1216622870470907
2024-11-25,,,,,,Social,1.9643555809555815
2024-11-25,,,,,,Display,9.007896803185433
2024-11-25,,,,,,Video,4.286250646347849
2024-11-25,,,,,,Radio,5.27393413186015
2024-11-25,,,,,,Print,3.586700885928469
2024-11-25,,,,,,category_demand,39.02617061443246
2024-11-25,,,,,,distribution,76.99454191413375
2024-11-25,,,,,,price,11.668438670879603
2024-11-25,,,,,,competitor_promo,37.840706013606905
2024-11-25,,,,,,weather,0.22713179944927347
2024-11-25,,,,,,holiday,0.0
2024-11-25,,,,,,brand_awareness,48.06696982749283
2024-11-25,,,,,,noise_1,-0.41066668800031486
2024-11-25,,,,,,noise_2,0.1866327178701065
2024-11-25,,,,,,noise_3,-0.020912164935548105
2024-11-25,,,,,,noise_4,0.48723308382717795
2024-11-25,,,,,,noise_5,-0.3278463947466316
2024-11-25,,,,,,noise_6,-0.4906672565586161
2024-12-02,,,,,,Sales,511.3961505382945
2024-12-02,,,,,,TV,0.5615135222199547
2024-12-02,,,,,,Search,1.4700908712524263
2024-12-02,,,,,,Social,2.034348342915655
2024-12-02,,,,,,Display,10.391613477427068
2024-12-02,,,,,,Video,3.6865034100779757
2024-12-02,,,,,,Radio,7.3660044135167695
2024-12-02,,,,,,Print,4.567437941939282
2024-12-02,,,,,,category_demand,31.868101774814004
2024-12-02,,,,,,distribution,79.63763798097983
2024-12-02,,,,,,price,11.62574462591445
2024-12-02,,,,,,competitor_promo,39.31122378650633
2024-12-02,,,,,,weather,0.23253159701062553
2024-12-02,,,,,,holiday,0.0
2024-12-02,,,,,,brand_awareness,43.09678237338942
2024-12-02,,,,,,noise_1,-0.44603131553021574
2024-12-02,,,,,,noise_2,0.17823741594878076
2024-12-02,,,,,,noise_3,-0.0371252830430118
2024-12-02,,,,,,noise_4,0.4900447889775805
2024-12-02,,,,,,noise_5,-0.39557528750556364
2024-12-02,,,,,,noise_6,-0.46672261868087744
2024-12-09,,,,,,Sales,554.6659816254405
2024-12-09,,,,,,TV,0.30120290660161664
2024-12-09,,,,,,Search,7.1413542522895215
2024-12-09,,,,,,Social,12.279604773681696
2024-12-09,,,,,,Display,35.467835409908034
2024-12-09,,,,,,Video,4.399048194911259
2024-12-09,,,,,,Radio,4.458669084741418
2024-12-09,,,,,,Print,2.8393408086023415
2024-12-09,,,,,,category_demand,52.44695628465614
2024-12-09,,,,,,distribution,81.08226506530806
2024-12-09,,,,,,price,10.78850806705317
2024-12-09,,,,,,competitor_promo,38.07563192786557
2024-12-09,,,,,,weather,0.2550679120699772
2024-12-09,,,,,,holiday,0.0
2024-12-09,,,,,,brand_awareness,39.912953323490626
2024-12-09,,,,,,noise_1,-0.4097499211200159
2024-12-09,,,,,,noise_2,0.1781080839809857
2024-12-09,,,,,,noise_3,-0.12432170238171514
2024-12-09,,,,,,noise_4,0.40022118335343787
2024-12-09,,,,,,noise_5,-0.20626370823370477
2024-12-09,,,,,,noise_6,-0.3558391697444874
2024-12-16,,,,,,Sales,530.95293732662
2024-12-16,,,,,,TV,0.6337015084912501
2024-12-16,,,,,,Search,13.765536631429462
2024-12-16,,,,,,Social,15.176252543481889
2024-12-16,,,,,,Display,86.68199025714688
2024-12-16,,,,,,Video,4.098661019407799
2024-12-16,,,,,,Radio,4.523258928013612
2024-12-16,,,,,,Print,3.375626710677517
2024-12-16,,,,,,category_demand,40.4497761595384
2024-12-16,,,,,,distribution,82.2527018402216
2024-12-16,,,,,,price,11.557271987173396
2024-12-16,,,,,,competitor_promo,39.019526460848084
2024-12-16,,,,,,weather,-0.19469558596869346
2024-12-16,,,,,,holiday,0.0
2024-12-16,,,,,,brand_awareness,44.492130942096345
2024-12-16,,,,,,noise_1,-0.6350688485757732
2024-12-16,,,,,,noise_2,0.2873408685055187
2024-12-16,,,,,,noise_3,-0.04708320266668652
2024-12-16,,,,,,noise_4,0.51923237278022
2024-12-16,,,,,,noise_5,-0.39317420784798207
2024-12-16,,,,,,noise_6,-0.32898247328994257
2024-12-23,,,,,,Sales,636.6344169786672
2024-12-23,,,,,,TV,0.3314250821530065
2024-12-23,,,,,,Search,8.787788167760125
2024-12-23,,,,,,Social,31.39067611625138
2024-12-23,,,,,,Display,70.97558929744127
2024-12-23,,,,,,Video,21.34124557269394
2024-12-23,,,,,,Radio,22.6248812667547
2024-12-23,,,,,,Print,15.229683835271901
2024-12-23,,,,,,category_demand,59.65448943893866
2024-12-23,,,,,,distribution,76.56262343390893
2024-12-23,,,,,,price,11.532491878657293
2024-12-23,,,,,,competitor_promo,42.68361302223664
2024-12-23,,,,,,weather,-0.21220761782086056
2024-12-23,,,,,,holiday,0.0
2024-12-23,,,,,,brand_awareness,46.06673154917989
2024-12-23,,,,,,noise_1,-0.5613122005954208
2024-12-23,,,,,,noise_2,0.29948315691003613
2024-12-23,,,,,,noise_3,-0.09999900815497646
2024-12-23,,,,,,noise_4,0.38336112841898223
2024-12-23,,,,,,noise_5,-0.35581051006536696
2024-12-23,,,,,,noise_6,-0.36716987323151606
2024-12-30,,,,,,Sales,737.724192480347
2024-12-30,,,,,,TV,2.2200486966358763
2024-12-30,,,,,,Search,2.322774748573083
2024-12-30,,,,,,Social,32.387655929999795
2024-12-30,,,,,,Display,109.23798178474402
2024-12-30,,,,,,Video,29.73007016714155
2024-12-30,,,,,,Radio,36.142535550577776
2024-12-30,,,,,,Print,22.54622096093452
2024-12-30,,,,,,category_demand,70.11645254527582
2024-12-30,,,,,,distribution,83.77638733529902
2024-12-30,,,,,,price,11.514529091286974
2024-12-30,,,,,,competitor_promo,44.98404686840243
2024-12-30,,,,,,weather,-0.8010054700089202
2024-12-30,,,,,,holiday,1.0
2024-12-30,,,,,,brand_awareness,47.81463918894805
2024-12-30,,,,,,noise_1,-0.677216656308688
2024-12-30,,,,,,noise_2,0.28440842071337313
2024-12-30,,,,,,noise_3,-0.14896026846009303
2024-12-30,,,,,,noise_4,0.4982036897612913
2024-12-30,,,,,,noise_5,-0.3233018601425778
2024-12-30,,,,,,noise_6,-0.3848083234647005
2025-01-06,,,,,,Sales,737.1723310300172
2025-01-06,,,,,,TV,5.600481209521392
2025-01-06,,,,,,Search,0.9883434453919769
2025-01-06,,,,,,Social,15.067514543980952
2025-01-06,,,,,,Display,44.667658900310435
2025-01-06,,,,,,Video,41.06061101982202
2025-01-06,,,,,,Radio,59.60890715522973
2025-01-06,,,,,,Print,38.12549113970572
2025-01-06,,,,,,category_demand,74.79689533980365
2025-01-06,,,,,,distribution,78.21578426577733
2025-01-06,,,,,,price,11.503645562950974
2025-01-06,,,,,,competitor_promo,42.72648571399159
2025-01-06,,,,,,weather,-0.7155648386527873
2025-01-06,,,,,,holiday,0.0
2025-01-06,,,,,,brand_awareness,55.05685378546248
2025-01-06,,,,,,noise_1,-0.7817771267198647
2025-01-06,,,,,,noise_2,0.25729171417994756
2025-01-06,,,,,,noise_3,-0.2842462374854575
2025-01-06,,,,,,noise_4,0.5917922048258367
2025-01-06,,,,,,noise_5,-0.3801379044712919
2025-01-06,,,,,,noise_6,-0.3978561875255104
2025-01-13,,,,,,Sales,705.4007114322441
2025-01-13,,,,,,TV,5.5796359983067285
2025-01-13,,,,,,Search,1.7479572686462206
2025-01-13,,,,,,Social,3.0810059469096784
2025-01-13,,,,,,Display,25.423712528779667
2025-01-13,,,,,,Video,17.962651983665886
2025-01-13,,,,,,Radio,43.24507091066943
2025-01-13,,,,,,Print,28.349911613345203
2025-01-13,,,,,,category_demand,40.788897101332275
2025-01-13,,,,,,distribution,81.4354563062017
2025-01-13,,,,,,price,10.7
2025-01-13,,,,,,competitor_promo,44.431223230997524
2025-01-13,,,,,,weather,0.005889158849450127
2025-01-13,,,,,,holiday,0.0
2025-01-13,,,,,,brand_awareness,51.585363678962956
2025-01-13,,,,,,noise_1,-0.7153079372739338
2025-01-13,,,,,,noise_2,0.2907603200849983
2025-01-13,,,,,,noise_3,-0.3613214221819006
2025-01-13,,,,,,noise_4,0.5826679743897877
2025-01-13,,,,,,noise_5,-0.36547794239653986
2025-01-13,,,,,,noise_6,-0.4517137599974569
2025-01-20,,,,,,Sales,573.6616847413105
2025-01-20,,,,,,TV,4.047734698816723
2025-01-20,,,,,,Search,1.3690269693504333
2025-01-20,,,,,,Social,4.370909167755012
2025-01-20,,,,,,Display,8.502870613327037
2025-01-20,,,,,,Video,4.542250447741285
2025-01-20,,,,,,Radio,13.781979628301013
2025-01-20,,,,,,Print,9.527254804576412
2025-01-20,,,,,,category_demand,53.9941759078391
2025-01-20,,,,,,distribution,81.98855509889205
2025-01-20,,,,,,price,11.503645562950974
2025-01-20,,,,,,competitor_promo,46.70196768378862
2025-01-20,,,,,,weather,-1.238153077110312
2025-01-20,,,,,,holiday,0.0
2025-01-20,,,,,,brand_awareness,43.10918897594411
2025-01-20,,,,,,noise_1,-0.7226263964713774
2025-01-20,,,,,,noise_2,0.2030112870677286
2025-01-20,,,,,,noise_3,-0.29740995899297923
2025-01-20,,,,,,noise_4,0.5076099808448282
2025-01-20,,,,,,noise_5,-0.2794216950771861
2025-01-20,,,,,,noise_6,-0.5089590296029914
2025-01-27,,,,,,Sales,534.6267814435241
2025-01-27,,,,,,TV,1.1232454131474474
2025-01-27,,,,,,Search,8.655012657756435
2025-01-27,,,,,,Social,2.5541671416841374
2025-01-27,,,,,,Display,7.453763890817341
2025-01-27,,,,,,Video,4.216528186610477
2025-01-27,,,,,,Radio,5.702946653263884
2025-01-27,,,,,,Print,3.5601485096872647
2025-01-27,,,,,,category_demand,59.90072273037994
2025-01-27,,,,,,distribution,81.79246972869177
2025-01-27,,,,,,price,11.514529091286974
2025-01-27,,,,,,competitor_promo,45.238242126146645
2025-01-27,,,,,,weather,-0.7768543233290078
2025-01-27,,,,,,holiday,0.0
2025-01-27,,,,,,brand_awareness,42.085066662842664
2025-01-27,,,,,,noise_1,-0.8732861244980026
2025-01-27,,,,,,noise_2,0.1537215727206864
2025-01-27,,,,,,noise_3,-0.4560340978319722
2025-01-27,,,,,,noise_4,0.48540717449565585
2025-01-27,,,,,,noise_5,-0.26444478284606804
2025-01-27,,,,,,noise_6,-0.5995544825267181
2025-02-03,,,,,,Sales,546.1980154670537
2025-02-03,,,,,,TV,1.7466438435949139
2025-02-03,,,,,,Search,8.764290738522106
2025-02-03,,,,,,Social,2.313257836623489
2025-02-03,,,,,,Display,10.424338766304784
2025-02-03,,,,,,Video,5.402696948141589
2025-02-03,,,,,,Radio,5.129187044126167
2025-02-03,,,,,,Print,2.9702177847918008
2025-02-03,,,,,,category_demand,72.28018611684175
2025-02-03,,,,,,distribution,80.76553283743816
2025-02-03,,,,,,price,10.732491878657292
2025-02-03,,,,,,competitor_promo,43.3686730442266
2025-02-03,,,,,,weather,-0.6937062621794913
2025-02-03,,,,,,holiday,0.0
2025-02-03,,,,,,brand_awareness,40.25633672458275
2025-02-03,,,,,,noise_1,-0.6924089301357214
2025-02-03,,,,,,noise_2,0.14859503996591983
2025-02-03,,,,,,noise_3,-0.4630132527895065
2025-02-03,,,,,,noise_4,0.5317665438543031
2025-02-03,,,,,,noise_5,-0.22352266817008093
2025-02-03,,,,,,noise_6,-0.4830455886603195
2025-02-10,,,,,,Sales,442.48024201020456
2025-02-10,,,,,,TV,0.7353544995768921
2025-02-10,,,,,,Search,7.194922831457906
2025-02-10,,,,,,Social,1.912861967556836
2025-02-10,,,,,,Display,8.657958312243597
2025-02-10,,,,,,Video,3.1039107972826736
2025-02-10,,,,,,Radio,7.040821157339372
2025-02-10,,,,,,Print,4.450932140282118
2025-02-10,,,,,,category_demand,51.93213459929426
2025-02-10,,,,,,distribution,79.06304389054696
2025-02-10,,,,,,price,11.557271987173396
2025-02-10,,,,,,competitor_promo,43.153549534606505
2025-02-10,,,,,,weather,-0.9446479574992288
2025-02-10,,,,,,holiday,0.0
2025-02-10,,,,,,brand_awareness,34.03981663520681
2025-02-10,,,,,,noise_1,-0.7767998216244251
2025-02-10,,,,,,noise_2,0.09310904793353508
2025-02-10,,,,,,noise_3,-0.3926345239611901
2025-02-10,,,,,,noise_4,0.6046294185092356
2025-02-10,,,,,,noise_5,-0.15557706299785207
2025-02-10,,,,,,noise_6,-0.4845707125735208
2025-02-17,,,,,,Sales,493.9249046395524
2025-02-17,,,,,,TV,0.5044530030260409
2025-02-17,,,,,,Search,1.6858528066592837
2025-02-17,,,,,,Social,2.7110474392773494
2025-02-17,,,,,,Display,10.464904419579916
2025-02-17,,,,,,Video,23.402283393335637
2025-02-17,,,,,,Radio,4.780897794321128
2025-02-17,,,,,,Print,3.076272777790491
2025-02-17,,,,,,category_demand,68.5288688114675
2025-02-17,,,,,,distribution,82.04780966122122
2025-02-17,,,,,,price,11.588508067053171
2025-02-17,,,,,,competitor_promo,40.01289995433492
2025-02-17,,,,,,weather,-1.135530455934188
2025-02-17,,,,,,holiday,0.0
2025-02-17,,,,,,brand_awareness,44.62838745242787
2025-02-17,,,,,,noise_1,-0.7525484972974441
2025-02-17,,,,,,noise_2,0.08149150532352496
2025-02-17,,,,,,noise_3,-0.4296130652398586
2025-02-17,,,,,,noise_4,0.632764137622878
2025-02-17,,,,,,noise_5,-0.3548365466102961
2025-02-17,,,,,,noise_6,-0.39080058744019236
2025-02-24,,,,,,Sales,532.0709453589639
2025-02-24,,,,,,TV,0.4788784648372167
2025-02-24,,,,,,Search,1.3714281520435967
2025-02-24,,,,,,Social,12.907505610173972
2025-02-24,,,,,,Display,8.89422064903315
2025-02-24,,,,,,Video,42.68947428942784
2025-02-24,,,,,,Radio,5.017708341886241
2025-02-24,,,,,,Print,3.246939465435557
2025-02-24,,,,,,category_demand,51.26976052685242
2025-02-24,,,,,,distribution,80.37392568263112
2025-02-24,,,,,,price,11.62574462591445
2025-02-24,,,,,,competitor_promo,42.897248495031654
2025-02-24,,,,,,weather,-0.959123609575676
2025-02-24,,,,,,holiday,0.0
2025-02-24,,,,,,brand_awareness,50.83756961900568
2025-02-24,,,,,,noise_1,-0.7329476359872457
2025-02-24,,,,,,noise_2,0.02159990642977508
2025-02-24,,,,,,noise_3,-0.40609967038367706
2025-02-24,,,,,,noise_4,0.7300511095099258
2025-02-24,,,,,,noise_5,-0.20986964449013026
2025-02-24,,,,,,noise_6,-0.41532010946578357
2025-03-03,,,,,,Sales,595.7519992545513
2025-03-03,,,,,,TV,0.7619209593911364
2025-03-03,,,,,,Search,1.4286584101983477
2025-03-03,,,,,,Social,24.191322238535456
2025-03-03,,,,,,Display,9.318801903510096
2025-03-03,,,,,,Video,41.554087358382084
2025-03-03,,,,,,Radio,29.098704823069113
2025-03-03,,,,,,Print,20.244078302500487
2025-03-03,,,,,,category_demand,74.10822355146985
2025-03-03,,,,,,distribution,78.03428191781398
2025-03-03,,,,,,price,11.668438670879603
2025-03-03,,,,,,competitor_promo,38.17994198812703
2025-03-03,,,,,,weather,-0.9762875380209024
2025-03-03,,,,,,holiday,0.0
2025-03-03,,,,,,brand_awareness,52.43852491743593
2025-03-03,,,,,,noise_1,-0.5945556217871698
2025-03-03,,,,,,noise_2,0.21810413373140558
2025-03-03,,,,,,noise_3,-0.5156103330126213
2025-03-03,,,,,,noise_4,0.6753901525807083
2025-03-03,,,,,,noise_5,0.013536440153623385
2025-03-03,,,,,,noise_6,-0.4082434793536574
2025-03-10,,,,,,Sales,739.7929648667657
2025-03-10,,,,,,TV,18.6233048561724
2025-03-10,,,,,,Search,7.30917910091078
2025-03-10,,,,,,Social,18.928121138127533
2025-03-10,,,,,,Display,44.14127516304233
2025-03-10,,,,,,Video,19.07384714378523
2025-03-10,,,,,,Radio,75.39204953205862
2025-03-10,,,,,,Print,49.396041924682784
2025-03-10,,,,,,category_demand,97.040309418874
2025-03-10,,,,,,distribution,86.46223063345785
2025-03-10,,,,,,price,11.715967626634422
2025-03-10,,,,,,competitor_promo,36.009314060950885
2025-03-10,,,,,,weather,-1.0192162580686124
2025-03-10,,,,,,holiday,0.0
2025-03-10,,,,,,brand_awareness,48.574159932256464
2025-03-10,,,,,,noise_1,-0.6392376272424521
2025-03-10,,,,,,noise_2,0.34842926164127935
2025-03-10,,,,,,noise_3,-0.3871270139459015
2025-03-10,,,,,,noise_4,0.698392260914938
2025-03-10,,,,,,noise_5,0.10971130780236858
2025-03-10,,,,,,noise_6,-0.4249508724151385
2025-03-17,,,,,,Sales,754.6237707548989
2025-03-17,,,,,,TV,28.996181991897593
2025-03-17,,,,,,Search,25.462151063466603
2025-03-17,,,,,,Social,17.865009325696448
2025-03-17,,,,,,Display,70.94291336929848
2025-03-17,,,,,,Video,3.996432902867217
2025-03-17,,,,,,Radio,82.98786659706832
2025-03-17,,,,,,Print,56.015961536053474
2025-03-17,,,,,,category_demand,83.85521830992454
2025-03-17,,,,,,distribution,83.70644505527122
2025-03-17,,,,,,price,11.767638413978116
2025-03-17,,,,,,competitor_promo,35.4806532796172
2025-03-17,,,,,,weather,-1.5631745608385836
2025-03-17,,,,,,holiday,0.0
2025-03-17,,,,,,brand_awareness,48.85001267090878
2025-03-17,,,,,,noise_1,-0.540386300855559
2025-03-17,,,,,,noise_2,0.39255070124991137
2025-03-17,,,,,,noise_3,-0.2791601456913651
2025-03-17,,,,,,noise_4,0.5446033014209989
2025-03-17,,,,,,noise_5,0.20910930285094248
2025-03-17,,,,,,noise_6,-0.37956606325786707
2025-03-24,,,,,,Sales,753.0679819372532
2025-03-24,,,,,,TV,22.325763939651292
2025-03-24,,,,,,Search,60.016353524684774
2025-03-24,,,,,,Social,12.449328054464639
2025-03-24,,,,,,Display,102.66735162497518
2025-03-24,,,,,,Video,4.410324528773799
2025-03-24,,,,,,Radio,41.168239633172234
2025-03-24,,,,,,Print,24.77332581786407
2025-03-24,,,,,,category_demand,99.24264482744556
2025-03-24,,,,,,distribution,85.81714718544836
2025-03-24,,,,,,price,11.822697556478731
2025-03-24,,,,,,competitor_promo,35.03529885270174
2025-03-24,,,,,,weather,-1.0347816770136458
2025-03-24,,,,,,holiday,0.0
2025-03-24,,,,,,brand_awareness,47.26114390219031
2025-03-24,,,,,,noise_1,-0.6131345537638313
2025-03-24,,,,,,noise_2,0.38729297297529613
2025-03-24,,,,,,noise_3,-0.256067560680116
2025-03-24,,,,,,noise_4,0.6194830559308367
2025-03-24,,,,,,noise_5,0.07101932559525417
2025-03-24,,,,,,noise_6,-0.2985077685585822
2025-03-31,,,,,,Sales,734.6188915993395
2025-03-31,,,,,,TV,17.467731590966117
2025-03-31,,,,,,Search,51.64266316372916
2025-03-31,,,,,,Social,2.886299753679567
2025-03-31,,,,,,Display,59.88261017974799
2025-03-31,,,,,,Video,5.518344320846191
2025-03-31,,,,,,Radio,18.335120910654958
2025-03-31,,,,,,Print,12.416915957314997
2025-03-31,,,,,,category_demand,124.3962089194726
2025-03-31,,,,,,distribution,82.18384956512644
2025-03-31,,,,,,price,11.880342167856222
2025-03-31,,,,,,competitor_promo,35.36109516059933
2025-03-31,,,,,,weather,-1.223349455918201
2025-03-31,,,,,,holiday,0.0
2025-03-31,,,,,,brand_awareness,46.31659828496761
2025-03-31,,,,,,noise_1,-0.5031007663355925
2025-03-31,,,,,,noise_2,0.6021150732790066
2025-03-31,,,,,,noise_3,-0.428167202114836
2025-03-31,,,,,,noise_4,0.6345032231946858
2025-03-31,,,,,,noise_5,0.05940646863346206
2025-03-31,,,,,,noise_6,-0.2750027966068459
2025-04-07,,,,,,Sales,642.8360982955496
2025-04-07,,,,,,TV,3.588987890260469
2025-04-07,,,,,,Search,9.185714083327168
2025-04-07,,,,,,Social,2.5486923973861035
2025-04-07,,,,,,Display,53.751797211504766
2025-04-07,,,,,,Video,5.240794461540754
2025-04-07,,,,,,Radio,8.216392657654776
2025-04-07,,,,,,Print,5.989881931104086
2025-04-07,,,,,,category_demand,109.29177446848763
2025-04-07,,,,,,distribution,86.22425957896726
2025-04-07,,,,,,price,11.939731659872338
2025-04-07,,,,,,competitor_promo,35.893449602372336
2025-04-07,,,,,,weather,-1.0932931222393105
2025-04-07,,,,,,holiday,0.0
2025-04-07,,,,,,brand_awareness,40.68764736847333
2025-04-07,,,,,,noise_1,-0.5779175646973072
2025-04-07,,,,,,noise_2,0.6337832113605243
2025-04-07,,,,,,noise_3,-0.5307322476994601
2025-04-07,,,,,,noise_4,0.5937528224493166
2025-04-07,,,,,,noise_5,-0.0202209784155226
2025-04-07,,,,,,noise_6,-0.3410759076731805
2025-04-14,,,,,,Sales,724.7090260567853
2025-04-14,,,,,,TV,4.101356674531919
2025-04-14,,,,,,Search,7.727001240251193
2025-04-14,,,,,,Social,2.830693643829753
2025-04-14,,,,,,Display,15.008055971267865
2025-04-14,,,,,,Video,21.963861757316476
2025-04-14,,,,,,Radio,5.4284730936531
2025-04-14,,,,,,Print,3.655378707275545
2025-04-14,,,,,,category_demand,117.6477309102917
2025-04-14,,,,,,distribution,86.88480373722349
2025-04-14,,,,,,price,12.0
2025-04-14,,,,,,competitor_promo,35.47452197509809
2025-04-14,,,,,,weather,-0.8094901328879368
2025-04-14,,,,,,holiday,0.0
2025-04-14,,,,,,brand_awareness,49.32795575002806
2025-04-14,,,,,,noise_1,-0.6134350889633873
2025-04-14,,,,,,noise_2,0.6252673086818477
2025-04-14,,,,,,noise_3,-0.43495863285765757
2025-04-14,,,,,,noise_4,0.7076514274284552
2025-04-14,,,,,,noise_5,-0.07780011287213404
2025-04-14,,,,,,noise_6,-0.4175566727369848
2025-04-21,,,,,,Sales,710.9062641445694
2025-04-21,,,,,,TV,4.051312512842886
2025-04-21,,,,,,Search,7.023649744789416
2025-04-21,,,,,,Social,2.889527932422305
2025-04-21,,,,,,Display,10.591987747471661
2025-04-21,,,,,,Video,27.51174373047904
2025-04-21,,,,,,Radio,4.387147806103142
2025-04-21,,,,,,Print,2.863543673067405
2025-04-21,,,,,,category_demand,119.73992706737938
2025-04-21,,,,,,distribution,87.30881894290235
2025-04-21,,,,,,price,12.060268340127662
2025-04-21,,,,,,competitor_promo,37.70413948438448
2025-04-21,,,,,,weather,-0.6211770089451367
2025-04-21,,,,,,holiday,0.0
2025-04-21,,,,,,brand_awareness,47.26932679778102
2025-04-21,,,,,,noise_1,-0.42752027310076585
2025-04-21,,,,,,noise_2,0.654991295421886
2025-04-21,,,,,,noise_3,-0.26697328923307195
2025-04-21,,,,,,noise_4,0.7754611452529371
2025-04-21,,,,,,noise_5,0.017025657689113422
2025-04-21,,,,,,noise_6,-0.2548616160228633
2025-04-28,,,,,,Sales,776.551841681108
2025-04-28,,,,,,TV,8.33743217239667
2025-04-28,,,,,,Search,15.708477928799624
2025-04-28,,,,,,Social,2.4898311636595785
2025-04-28,,,,,,Display,6.867868758175188
2025-04-28,,,,,,Video,44.284006912558596
2025-04-28,,,,,,Radio,5.766039773336133
2025-04-28,,,,,,Print,3.7411462039785057
2025-04-28,,,,,,category_demand,131.31356990777573
2025-04-28,,,,,,distribution,85.41690672381368
2025-04-28,,,,,,price,12.119657832143778
2025-04-28,,,,,,competitor_promo,33.50847762442469
2025-04-28,,,,,,weather,-0.4683143660632025
2025-04-28,,,,,,holiday,0.0
2025-04-28,,,,,,brand_awareness,54.666571255943445
2025-04-28,,,,,,noise_1,-0.3964386713071889
2025-04-28,,,,,,noise_2,0.6849914950285304
2025-04-28,,,,,,noise_3,-0.23788775237698673
2025-04-28,,,,,,noise_4,0.49929096839479564
2025-04-28,,,,,,noise_5,-0.06180328041333541
2025-04-28,,,,,,noise_6,-0.2823215693335906
2025-05-05,,,,,,Sales,728.7453542353055
2025-05-05,,,,,,TV,6.579829755108552
2025-05-05,,,,,,Search,96.19017103075416
2025-05-05,,,,,,Social,2.656115756508815
2025-05-05,,,,,,Display,5.729536841840215
2025-05-05,,,,,,Video,23.216372411325544
2025-05-05,,,,,,Radio,6.269181431135817
2025-05-05,,,,,,Print,4.486359517235597
2025-05-05,,,,,,category_demand,115.15557856198723
2025-05-05,,,,,,distribution,84.10627544166755
2025-05-05,,,,,,price,12.177302443521267
2025-05-05,,,,,,competitor_promo,33.50815498608898
2025-05-05,,,,,,weather,-0.7994712277965932
2025-05-05,,,,,,holiday,0.0
2025-05-05,,,,,,brand_awareness,56.33455960243678
2025-05-05,,,,,,noise_1,-0.38567591854559424
2025-05-05,,,,,,noise_2,0.8232845239847988
2025-05-05,,,,,,noise_3,-0.11557806806310642
2025-05-05,,,,,,noise_4,0.5032018426482714
2025-05-05,,,,,,noise_5,-0.07456076176327023
2025-05-05,,,,,,noise_6,-0.31086648365298225
2025-05-12,,,,,,Sales,850.0553192481842
2025-05-12,,,,,,TV,49.23569116904661
2025-05-12,,,,,,Search,156.38807889872976
2025-05-12,,,,,,Social,9.390241521139528
2025-05-12,,,,,,Display,8.86774351466463
2025-05-12,,,,,,Video,6.057100158650657
2025-05-12,,,,,,Radio,17.471955184857823
2025-05-12,,,,,,Print,10.624189114975165
2025-05-12,,,,,,category_demand,121.54784043239071
2025-05-12,,,,,,distribution,86.08973876737431
2025-05-12,,,,,,price,12.232361586021884
2025-05-12,,,,,,competitor_promo,32.10673965553282
2025-05-12,,,,,,weather,-0.2770597773590394
2025-05-12,,,,,,holiday,0.0
2025-05-12,,,,,,brand_awareness,51.03006620051348
2025-05-12,,,,,,noise_1,-0.16582489924322835
2025-05-12,,,,,,noise_2,0.8214248828877827
2025-05-12,,,,,,noise_3,-0.17517400624312227
2025-05-12,,,,,,noise_4,0.3605250012624878
2025-05-12,,,,,,noise_5,-0.26171249910158334
2025-05-12,,,,,,noise_6,-0.16721068826016341
2025-05-19,,,,,,Sales,909.4945294872824
2025-05-19,,,,,,TV,80.14524819369437
2025-05-19,,,,,,Search,126.99457680418983
2025-05-19,,,,,,Social,18.636140114976875
2025-05-19,,,,,,Display,11.865627996828914
2025-05-19,,,,,,Video,4.989236054786262
2025-05-19,,,,,,Radio,28.545396877617563
2025-05-19,,,,,,Print,18.22869132348124
2025-05-19,,,,,,category_demand,160.1737076347422
2025-05-19,,,,,,distribution,83.47696364646663
2025-05-19,,,,,,price,12.284032373365577
2025-05-19,,,,,,competitor_promo,32.36661988307507
2025-05-19,,,,,,weather,-0.09777328247455702
2025-05-19,,,,,,holiday,0.0
2025-05-19,,,,,,brand_awareness,53.59129143353922
2025-05-19,,,,,,noise_1,-0.1303909620843108
2025-05-19,,,,,,noise_2,1.027280618334661
2025-05-19,,,,,,noise_3,-0.1937449448427926
2025-05-19,,,,,,noise_4,0.46511960730634505
2025-05-19,,,,,,noise_5,-0.27724803504954626
2025-05-19,,,,,,noise_6,-0.06053712565581197
2025-05-26,,,,,,Sales,903.2439498226573
2025-05-26,,,,,,TV,37.32098786334655
2025-05-26,,,,,,Search,13.279057869486369
2025-05-26,,,,,,Social,27.168323943191446
2025-05-26,,,,,,Display,6.147914018404472
2025-05-26,,,,,,Video,3.187999613578233
2025-05-26,,,,,,Radio,35.154754309113656
2025-05-26,,,,,,Print,23.23220749735606
2025-05-26,,,,,,category_demand,122.22218590382589
2025-05-26,,,,,,distribution,84.62865708292478
2025-05-26,,,,,,price,11.531561329120397
2025-05-26,,,,,,competitor_promo,32.79956554519263
2025-05-26,,,,,,weather,0.002029334969087415
2025-05-26,,,,,,holiday,1.0
2025-05-26,,,,,,brand_awareness,54.545474913743924
2025-05-26,,,,,,noise_1,-0.21041980935121926
2025-05-26,,,,,,noise_2,0.9407913180240369
2025-05-26,,,,,,noise_3,-0.19363238363761887
2025-05-26,,,,,,noise_4,0.7091934744752715
2025-05-26,,,,,,noise_5,-0.2684211655263296
2025-05-26,,,,,,noise_6,-0.0081900090673224
2025-06-02,,,,,,Sales,996.1640308240702
2025-06-02,,,,,,TV,24.73046723368166
2025-06-02,,,,,,Search,36.038858599548206
2025-06-02,,,,,,Social,35.31849635502307
2025-06-02,,,,,,Display,9.31363296323098
2025-06-02,,,,,,Video,5.956300066984444
2025-06-02,,,,,,Radio,47.85705966909692
2025-06-02,,,,,,Print,32.169730334476924
2025-06-02,,,,,,category_demand,146.4353182881128
2025-06-02,,,,,,distribution,87.691132723931
2025-06-02,,,,,,price,11.57425537408555
2025-06-02,,,,,,competitor_promo,31.011321993537123
2025-06-02,,,,,,weather,0.19384066896988353
2025-06-02,,,,,,holiday,0.0
2025-06-02,,,,,,brand_awareness,49.06031443651917
2025-06-02,,,,,,noise_1,-0.13838360745630915
2025-06-02,,,,,,noise_2,1.008848541091008
2025-06-02,,,,,,noise_3,-0.1521443335716088
2025-06-02,,,,,,noise_4,0.6583470804447078
2025-06-02,,,,,,noise_5,-0.33753153137803166
2025-06-02,,,,,,noise_6,-0.047354061523856746
2025-06-09,,,,,,Sales,854.9795678207328
2025-06-09,,,,,,TV,7.399507251502541
2025-06-09,,,,,,Search,28.976084199668094
2025-06-09,,,,,,Social,16.374128004228048
2025-06-09,,,,,,Display,37.60337765095595
2025-06-09,,,,,,Video,20.103754824313476
2025-06-09,,,,,,Radio,14.360919450887248
2025-06-09,,,,,,Print,8.992925058313434
2025-06-09,,,,,,category_demand,142.03042585662365
2025-06-09,,,,,,distribution,86.40493082210561
2025-06-09,,,,,,price,12.411491932946829
2025-06-09,,,,,,competitor_promo,29.754317593324743
2025-06-09,,,,,,weather,-0.14766898436297185
2025-06-09,,,,,,holiday,0.0
2025-06-09,,,,,,brand_awareness,51.00339702807949
2025-06-09,,,,,,noise_1,-0.2542569546613958
2025-06-09,,,,,,noise_2,0.9106113433339517
2025-06-09,,,,,,noise_3,-0.3020564476917326
2025-06-09,,,,,,noise_4,0.6656601680199876
2025-06-09,,,,,,noise_5,-0.4081222397993969
2025-06-09,,,,,,noise_6,0.18339594695631645
2025-06-16,,,,,,Sales,876.4545040193738
2025-06-16,,,,,,TV,7.459994228239517
2025-06-16,,,,,,Search,23.771500644329414
2025-06-16,,,,,,Social,2.7206231019996747
2025-06-16,,,,,,Display,52.8000724364369
2025-06-16,,,,,,Video,21.328903133795254
2025-06-16,,,,,,Radio,5.405569574084909
2025-06-16,,,,,,Print,3.5396801007866565
2025-06-16,,,,,,category_demand,135.4254273034837
2025-06-16,,,,,,distribution,87.94815933223903
2025-06-16,,,,,,price,12.442728012826604
2025-06-16,,,,,,competitor_promo,31.308708042584634
2025-06-16,,,,,,weather,-0.03556229440484221
2025-06-16,,,,,,holiday,0.0
2025-06-16,,,,,,brand_awareness,52.52438116527226
2025-06-16,,,,,,noise_1,-0.14361641526592073
2025-06-16,,,,,,noise_2,1.0887927517184461
2025-06-16,,,,,,noise_3,-0.20981647488610816
2025-06-16,,,,,,noise_4,0.6410443008675477
2025-06-16,,,,,,noise_5,-0.22314325698173842
2025-06-16,,,,,,noise_6,0.22193019717465637
2025-06-23,,,,,,Sales,1071.6136179448727
2025-06-23,,,,,,TV,10.309278255908218
2025-06-23,,,,,,Search,240.99666214890664
2025-06-23,,,,,,Social,1.7601141118868582
2025-06-23,,,,,,Display,88.8309743626737
2025-06-23,,,,,,Video,42.54037675195405
2025-06-23,,,,,,Radio,5.905630800925898
2025-06-23,,,,,,Print,3.7336945061240217
2025-06-23,,,,,,category_demand,179.63524639679258
2025-06-23,,,,,,distribution,88.29539525480037
2025-06-23,,,,,,price,11.667508121342706
2025-06-23,,,,,,competitor_promo,31.9932637061205
2025-06-23,,,,,,weather,0.38459083434180275
2025-06-23,,,,,,holiday,0.0
2025-06-23,,,,,,brand_awareness,59.32047404067142
2025-06-23,,,,,,noise_1,-0.025360566606652417
2025-06-23,,,,,,noise_2,1.0563781435754525
2025-06-23,,,,,,noise_3,-0.08013010666951303
2025-06-23,,,,,,noise_4,0.6754443567297619
2025-06-23,,,,,,noise_5,-0.3417684439103277
2025-06-23,,,,,,noise_6,0.27556653619826815
2025-06-30,,,,,,Sales,1036.3894804552035
2025-06-30,,,,,,TV,10.469336985400345
2025-06-30,,,,,,Search,356.10053906112955
2025-06-30,,,,,,Social,2.956179042969637
2025-06-30,,,,,,Display,61.38168736913016
2025-06-30,,,,,,Video,11.934663242060832
2025-06-30,,,,,,Radio,6.5374803098886
2025-06-30,,,,,,Print,4.233153964058027
2025-06-30,,,,,,category_demand,166.71585208599515
2025-06-30,,,,,,distribution,91.57814679428652
2025-06-30,,,,,,price,11.685470908713025
2025-06-30,,,,,,competitor_promo,30.659186762917802
2025-06-30,,,,,,weather,-0.15448224453155246
2025-06-30,,,,,,holiday,0.0
2025-06-30,,,,,,brand_awareness,46.18067380109645
2025-06-30,,,,,,noise_1,-0.08154383645037956
2025-06-30,,,,,,noise_2,1.0506722160282744
2025-06-30,,,,,,noise_3,-0.1927728555134531
2025-06-30,,,,,,noise_4,0.7386475876539217
2025-06-30,,,,,,noise_5,-0.4447899208922934
2025-06-30,,,,,,noise_6,0.25878819957792043
2025-07-07,,,,,,Sales,912.2237209397867
2025-07-07,,,,,,TV,8.849272571847248
2025-07-07,,,,,,Search,183.89908386838275
2025-07-07,,,,,,Social,1.6491148610861632
2025-07-07,,,,,,Display,45.323736606020844
2025-07-07,,,,,,Video,3.403155690982003
2025-07-07,,,,,,Radio,5.150227549470429
2025-07-07,,,,,,Print,3.284724076268862
2025-07-07,,,,,,category_demand,147.22212735602568
2025-07-07,,,,,,distribution,90.80918186153596
2025-07-07,,,,,,price,12.496354437049026
2025-07-07,,,,,,competitor_promo,34.659742073412446
2025-07-07,,,,,,weather,0.4329778121619061
2025-07-07,,,,,,holiday,0.0
2025-07-07,,,,,,brand_awareness,44.2010688722796
2025-07-07,,,,,,noise_1,-0.14311467841421305
2025-07-07,,,,,,noise_2,1.1413011010363356
2025-07-07,,,,,,noise_3,-0.32567484457692275
2025-07-07,,,,,,noise_4,0.8648673376577162
2025-07-07,,,,,,noise_5,-0.5241199247435204
2025-07-07,,,,,,noise_6,0.12010394476113256
2025-07-14,,,,,,Sales,916.5968545622777
2025-07-14,,,,,,TV,45.888236795736205
2025-07-14,,,,,,Search,32.270862564095246
2025-07-14,,,,,,Social,1.8863613796529752
2025-07-14,,,,,,Display,26.70586365692564
2025-07-14,,,,,,Video,4.015145426437456
2025-07-14,,,,,,Radio,6.343594241402713
2025-07-14,,,,,,Print,3.8080496299179654
2025-07-14,,,,,,category_demand,150.24782159883412
2025-07-14,,,,,,distribution,88.93269112375576
2025-07-14,,,,,,price,11.7
2025-07-14,,,,,,competitor_promo,39.1884120311158
2025-07-14,,,,,,weather,0.3202578409532293
2025-07-14,,,,,,holiday,0.0
2025-07-14,,,,,,brand_awareness,45.3803529758041
2025-07-14,,,,,,noise_1,-0.1258070115303747
2025-07-14,,,,,,noise_2,1.264397382653005
2025-07-14,,,,,,noise_3,-0.29129959717071957
2025-07-14,,,,,,noise_4,0.7680427097203694
2025-07-14,,,,,,noise_5,-0.4065660480208359
2025-07-14,,,,,,noise_6,-0.010780243999628016
2025-07-21,,,,,,Sales,948.992833952627
2025-07-21,,,,,,TV,130.41439702245071
2025-07-21,,,,,,Search,34.23671466847879
2025-07-21,,,,,,Social,3.3220036575711744
2025-07-21,,,,,,Display,7.450982624455593
2025-07-21,,,,,,Video,6.468608948003726
2025-07-21,,,,,,Radio,17.207913513651082
2025-07-21,,,,,,Print,11.048225188452225
2025-07-21,,,,,,category_demand,160.13634638938933
2025-07-21,,,,,,distribution,90.90686053893279
2025-07-21,,,,,,price,12.496354437049026
2025-07-21,,,,,,competitor_promo,36.320287139532674
2025-07-21,,,,,,weather,0.47107416004343616
2025-07-21,,,,,,holiday,0.0
2025-07-21,,,,,,brand_awareness,53.9642812842613
2025-07-21,,,,,,noise_1,-0.12441898470078228
2025-07-21,,,,,,noise_2,1.1553688886823217
2025-07-21,,,,,,noise_3,-0.3554601582715558
2025-07-21,,,,,,noise_4,0.9221541822921058
2025-07-21,,,,,,noise_5,-0.20049285706524964
2025-07-21,,,,,,noise_6,0.02912725102482167
2025-07-28,,,,,,Sales,961.7538545523109
2025-07-28,,,,,,TV,57.27566074207882
2025-07-28,,,,,,Search,22.586361445067833
2025-07-28,,,,,,Social,10.639587184596788
2025-07-28,,,,,,Display,10.028385298056932
2025-07-28,,,,,,Video,4.289207363315479
2025-07-28,,,,,,Radio,39.35507635892247
2025-07-28,,,,,,Print,26.666852397744943
2025-07-28,,,,,,category_demand,137.79056625602237
2025-07-28,,,,,,distribution,87.97402496601187
2025-07-28,,,,,,price,12.485470908713026
2025-07-28,,,,,,competitor_promo,36.912155751715524
2025-07-28,,,,,,weather,0.15305922316922616
2025-07-28,,,,,,holiday,0.0
2025-07-28,,,,,,brand_awareness,52.98970769234978
2025-07-28,,,,,,noise_1,-0.2202891430969269
2025-07-28,,,,,,noise_2,1.121425206890288
2025-07-28,,,,,,noise_3,-0.587939135482548
2025-07-28,,,,,,noise_4,0.830811733654636
2025-07-28,,,,,,noise_5,-0.16792033494991737
2025-07-28,,,,,,noise_6,0.06754928775922277
2025-08-04,,,,,,Sales,982.2864649452104
2025-08-04,,,,,,TV,24.36535771194041
2025-08-04,,,,,,Search,37.92315456242605
2025-08-04,,,,,,Social,18.331307468376533
2025-08-04,,,,,,Display,7.0595286397314005
2025-08-04,,,,,,Video,22.319665724780595
2025-08-04,,,,,,Radio,38.97180159272442
2025-08-04,,,,,,Print,23.641047422234024
2025-08-04,,,,,,category_demand,160.0774572600012
2025-08-04,,,,,,distribution,88.64585703806779
2025-08-04,,,,,,price,12.467508121342707
2025-08-04,,,,,,competitor_promo,41.83269866970986
2025-08-04,,,,,,weather,0.4923024392418055
2025-08-04,,,,,,holiday,0.0
2025-08-04,,,,,,brand_awareness,55.67696999252759
2025-08-04,,,,,,noise_1,-0.16458354471625522
2025-08-04,,,,,,noise_2,0.9846417263523892
2025-08-04,,,,,,noise_3,-0.5086509984328789
2025-08-04,,,,,,noise_4,0.8579825160600912
2025-08-04,,,,,,noise_5,-0.2382591534255387
2025-08-04,,,,,,noise_6,0.04401551589074706
2025-08-11,,,,,,Sales,1066.408839902441
2025-08-11,,,,,,TV,9.843952409080863
2025-08-11,,,,,,Search,157.1191489860938
2025-08-11,,,,,,Social,15.621821344505541
2025-08-11,,,,,,Display,6.647161681752806
2025-08-11,,,,,,Video,62.18942756618044
2025-08-11,,,,,,Radio,53.77470167886169
2025-08-11,,,,,,Print,34.07298598065436
2025-08-11,,,,,,category_demand,156.67371590351303
2025-08-11,,,,,,distribution,90.4832430036742
2025-08-11,,,,,,price,12.442728012826604
2025-08-11,,,,,,competitor_promo,43.37005036466848
2025-08-11,,,,,,weather,0.8261950050639831
2025-08-11,,,,,,holiday,0.0
2025-08-11,,,,,,brand_awareness,65.23247089587811
2025-08-11,,,,,,noise_1,-0.3648059297081787
2025-08-11,,,,,,noise_2,0.9981056041635545
2025-08-11,,,,,,noise_3,-0.4933937105870243
2025-08-11,,,,,,noise_4,0.9715903024676734
2025-08-11,,,,,,noise_5,-0.2802017621957063
2025-08-11,,,,,,noise_6,-0.07087753263210733
2025-08-18,,,,,,Sales,1102.7845012462055
2025-08-18,,,,,,TV,13.860985936846976
2025-08-18,,,,,,Search,389.32022460259066
2025-08-18,,,,,,Social,20.16303001393929
2025-08-18,,,,,,Display,5.688020263749673
2025-08-18,,,,,,Video,57.665510473513926
2025-08-18,,,,,,Radio,17.241752483506808
2025-08-18,,,,,,Print,11.53502390293893
2025-08-18,,,,,,category_demand,155.0518309063815
2025-08-18,,,,,,distribution,87.18338380824756
2025-08-18,,,,,,price,12.411491932946829
2025-08-18,,,,,,competitor_promo,43.80358497327951
2025-08-18,,,,,,weather,1.1596191511526512
2025-08-18,,,,,,holiday,0.0
2025-08-18,,,,,,brand_awareness,62.45136198748498
2025-08-18,,,,,,noise_1,-0.40725129171387137
2025-08-18,,,,,,noise_2,0.9881652092630157
2025-08-18,,,,,,noise_3,-0.5401327941046705
2025-08-18,,,,,,noise_4,1.0415251925476954
2025-08-18,,,,,,noise_5,-0.17578832401948077
2025-08-18,,,,,,noise_6,-0.21224371673054795
2025-08-25,,,,,,Sales,1059.845518305329
2025-08-25,,,,,,TV,7.823713753709446
2025-08-25,,,,,,Search,163.9993708083053
2025-08-25,,,,,,Social,11.917702237038812
2025-08-25,,,,,,Display,14.332436768929686
2025-08-25,,,,,,Video,16.888816126602503
2025-08-25,,,,,,Radio,4.654989829322549
2025-08-25,,,,,,Print,2.80643520357311
2025-08-25,,,,,,category_demand,174.8297002879125
2025-08-25,,,,,,distribution,88.51936884437066
2025-08-25,,,,,,price,12.37425537408555
2025-08-25,,,,,,competitor_promo,43.3955519528041
2025-08-25,,,,,,weather,1.2378080266818914
2025-08-25,,,,,,holiday,0.0
2025-08-25,,,,,,brand_awareness,58.11568414296835
2025-08-25,,,,,,noise_1,-0.4468609621397378
2025-08-25,,,,,,noise_2,0.9539494132821031
2025-08-25,,,,,,noise_3,-0.3328925308465293
2025-08-25,,,,,,noise_4,0.9494903475656031
2025-08-25,,,,,,noise_5,-0.26512587964994505
2025-08-25,,,,,,noise_6,-0.24439211932545687
2025-09-01,,,,,,Sales,893.3783688836231
2025-09-01,,,,,,TV,7.980143643766436
2025-09-01,,,,,,Search,26.499829903231632
2025-09-01,,,,,,Social,3.145958098656515
2025-09-01,,,,,,Display,11.284424082821625
2025-09-01,,,,,,Video,4.430148190610088
2025-09-01,,,,,,Radio,5.127784262432087
2025-09-01,,,,,,Print,3.332754689797835
2025-09-01,,,,,,category_demand,132.26937447928202
2025-09-01,,,,,,distribution,86.81579149228263
2025-09-01,,,,,,price,12.331561329120397
2025-09-01,,,,,,competitor_promo,42.33418263575398
2025-09-01,,,,,,weather,0.9506999750714451
2025-09-01,,,,,,holiday,0.0
2025-09-01,,,,,,brand_awareness,51.3209031372298
2025-09-01,,,,,,noise_1,-0.4736568540552341
2025-09-01,,,,,,noise_2,0.886832457063756
2025-09-01,,,,,,noise_3,-0.3192718483496911
2025-09-01,,,,,,noise_4,0.8806610741186826
2025-09-01,,,,,,noise_5,-0.12265274110349873
2025-09-01,,,,,,noise_6,-0.3871772104690415
2025-09-08,,,,,,Sales,874.056647504185
2025-09-08,,,,,,TV,10.938608653052357
2025-09-08,,,,,,Search,26.876957699369072
2025-09-08,,,,,,Social,4.7177921823835485
2025-09-08,,,,,,Display,48.129531165023494
2025-09-08,,,,,,Video,3.4335531613493315
2025-09-08,,,,,,Radio,5.298026949460276
2025-09-08,,,,,,Print,3.195980530794376
2025-09-08,,,,,,category_demand,149.37335478990224
2025-09-08,,,,,,distribution,88.80347977501235
2025-09-08,,,,,,price,12.284032373365578
2025-09-08,,,,,,competitor_promo,41.917407014375755
2025-09-08,,,,,,weather,0.9377945294203514
2025-09-08,,,,,,holiday,0.0
2025-09-08,,,,,,brand_awareness,43.899501982575714
2025-09-08,,,,,,noise_1,-0.4435310715830614
2025-09-08,,,,,,noise_2,0.8489912149564126
2025-09-08,,,,,,noise_3,-0.3931517441116836
2025-09-08,,,,,,noise_4,0.8353257992193874
2025-09-08,,,,,,noise_5,0.016254178201260964
2025-09-08,,,,,,noise_6,-0.299031309717773
2025-09-15,,,,,,Sales,812.9089276763668
2025-09-15,,,,,,TV,29.42346461353976
2025-09-15,,,,,,Search,15.492751179829062
2025-09-15,,,,,,Social,2.8324467697716638
2025-09-15,,,,,,Display,69.48593423316463
2025-09-15,,,,,,Video,3.9558629598551525
2025-09-15,,,,,,Radio,6.671845748585266
2025-09-15,,,,,,Print,4.5912008977235175
2025-09-15,,,,,,category_demand,128.62878108683924
2025-09-15,,,,,,distribution,90.88140468797698
2025-09-15,,,,,,price,12.232361586021884
2025-09-15,,,,,,competitor_promo,40.83733777569168
2025-09-15,,,,,,weather,0.7506571683880471
2025-09-15,,,,,,holiday,0.0
2025-09-15,,,,,,brand_awareness,46.03810952358253
2025-09-15,,,,,,noise_1,-0.563948577649229
2025-09-15,,,,,,noise_2,0.775801130397927
2025-09-15,,,,,,noise_3,-0.3832329928860117
2025-09-15,,,,,,noise_4,0.8303082383932815
2025-09-15,,,,,,noise_5,0.02313864049378193
2025-09-15,,,,,,noise_6,-0.18600322865951033
2025-09-22,,,,,,Sales,985.1192935051448
2025-09-22,,,,,,TV,76.76566388922878
2025-09-22,,,,,,Search,34.162748042858226
2025-09-22,,,,,,Social,2.207985402221084
2025-09-22,,,,,,Display,84.08842020690764
2025-09-22,,,,,,Video,5.233880003618697
2025-09-22,,,,,,Radio,3.7578897125991855
2025-09-22,,,,,,Print,2.7753977876567544
2025-09-22,,,,,,category_demand,139.34880888346467
2025-09-22,,,,,,distribution,87.08951548132231
2025-09-22,,,,,,price,12.177302443521269
2025-09-22,,,,,,competitor_promo,42.29822325881698
2025-09-22,,,,,,weather,1.1112675377198689
2025-09-22,,,,,,holiday,1.0
2025-09-22,,,,,,brand_awareness,55.41809151585934
2025-09-22,,,,,,noise_1,-0.5062399258518618
2025-09-22,,,,,,noise_2,0.827670106444796
2025-09-22,,,,,,noise_3,-0.4852201753882861
2025-09-22,,,,,,noise_4,0.9427762575155096
2025-09-22,,,,,,noise_5,0.08649689668272922
2025-09-22,,,,,,noise_6,0.09140639446036314
2025-09-29,,,,,,Sales,966.3904322562629
2025-09-29,,,,,,TV,37.126459511061704
2025-09-29,,,,,,Search,116.36439593668338
2025-09-29,,,,,,Social,2.0022477340362337
2025-09-29,,,,,,Display,76.04878334279256
2025-09-29,,,,,,Video,23.02666643226674
2025-09-29,,,,,,Radio,16.586398277917827
2025-09-29,,,,,,Print,12.03820741999784
2025-09-29,,,,,,category_demand,101.17659242851755
2025-09-29,,,,,,distribution,88.3259970059642
2025-09-29,,,,,,price,12.11965783214378
2025-09-29,,,,,,competitor_promo,41.517379703247016
2025-09-29,,,,,,weather,0.8925422486784731
2025-09-29,,,,,,holiday,0.0
2025-09-29,,,,,,brand_awareness,57.23693813200229
2025-09-29,,,,,,noise_1,-0.5239054804591188
2025-09-29,,,,,,noise_2,0.9763212386049622
2025-09-29,,,,,,noise_3,-0.5599116697050086
2025-09-29,,,,,,noise_4,0.8161037242904327
2025-09-29,,,,,,noise_5,0.16001553549483954
2025-09-29,,,,,,noise_6,0.1775325064896193
2025-10-06,,,,,,Sales,981.1765287637265
2025-10-06,,,,,,TV,15.047404990422145
2025-10-06,,,,,,Search,94.67662378771308
2025-10-06,,,,,,Social,2.6455652005636203
2025-10-06,,,,,,Display,87.46719651138761
2025-10-06,,,,,,Video,41.29546044471913
2025-10-06,,,,,,Radio,39.19411725002769
2025-10-06,,,,,,Print,24.86703603627499
2025-10-06,,,,,,category_demand,113.52779927131292
2025-10-06,,,,,,distribution,86.4002425729266
2025-10-06,,,,,,price,12.060268340127662
2025-10-06,,,,,,competitor_promo,40.652210407789234
2025-10-06,,,,,,weather,1.1107377215399497
2025-10-06,,,,,,holiday,0.0
2025-10-06,,,,,,brand_awareness,58.62048213804696
2025-10-06,,,,,,noise_1,-0.5876644158858516
2025-10-06,,,,,,noise_2,0.7869981635096265
2025-10-06,,,,,,noise_3,-0.5220256799480335
2025-10-06,,,,,,noise_4,0.8618675719643459
2025-10-06,,,,,,noise_5,0.3124183760817809
2025-10-06,,,,,,noise_6,0.11939881987754178
2025-10-13,,,,,,Sales,985.1311689508583
2025-10-13,,,,,,TV,4.06749933178729
2025-10-13,,,,,,Search,91.62730843132785
2025-10-13,,,,,,Social,8.532007002206743
2025-10-13,,,,,,Display,17.802255388740488
2025-10-13,,,,,,Video,49.642743650178375
2025-10-13,,,,,,Radio,94.82363605582437
2025-10-13,,,,,,Print,63.72633497952211
2025-10-13,,,,,,category_demand,111.0105836683715
2025-10-13,,,,,,distribution,85.77567658513942
2025-10-13,,,,,,price,12.0
2025-10-13,,,,,,competitor_promo,38.29457933062939
2025-10-13,,,,,,weather,1.4030886031281615
2025-10-13,,,,,,holiday,0.0
2025-10-13,,,,,,brand_awareness,60.704111088307485
2025-10-13,,,,,,noise_1,-0.7216927453374231
2025-10-13,,,,,,noise_2,0.7756266129828735
2025-10-13,,,,,,noise_3,-0.5763692850994642
2025-10-13,,,,,,noise_4,0.9216802899336367
2025-10-13,,,,,,noise_5,0.20931504946506635
2025-10-13,,,,,,noise_6,0.03392503579204805
2025-10-20,,,,,,Sales,971.2266733244848
2025-10-20,,,,,,TV,7.503551126924391
2025-10-20,,,,,,Search,22.452860000116885
2025-10-20,,,,,,Social,14.27079795719006
2025-10-20,,,,,,Display,6.097379268888795
2025-10-20,,,,,,Video,14.287685121266698
2025-10-20,,,,,,Radio,51.45877731190042
2025-10-20,,,,,,Print,33.32167739543756
2025-10-20,,,,,,category_demand,134.7104694137187
2025-10-20,,,,,,distribution,85.40000029410602
2025-10-20,,,,,,price,11.939731659872338
2025-10-20,,,,,,competitor_promo,38.19732558557486
2025-10-20,,,,,,weather,0.8036831469107631
2025-10-20,,,,,,holiday,1.0
2025-10-20,,,,,,brand_awareness,52.31461546865023
2025-10-20,,,,,,noise_1,-0.8377061542465994
2025-10-20,,,,,,noise_2,0.7346214969032668
2025-10-20,,,,,,noise_3,-0.6205909313167459
2025-10-20,,,,,,noise_4,0.9764250031740397
2025-10-20,,,,,,noise_5,0.325141694898293
2025-10-20,,,,,,noise_6,-0.304544750382017
2025-10-27,,,,,,Sales,924.2448527131054
2025-10-27,,,,,,TV,6.846989320415525
2025-10-27,,,,,,Search,13.051392785705163
2025-10-27,,,,,,Social,24.66191933043616
2025-10-27,,,,,,Display,6.988281398053545
2025-10-27,,,,,,Video,4.640370260480215
2025-10-27,,,,,,Radio,16.881895904513932
2025-10-27,,,,,,Print,10.919338602698428
2025-10-27,,,,,,category_demand,135.40722006257215
2025-10-27,,,,,,distribution,89.19495036002095
2025-10-27,,,,,,price,11.88034216785622
2025-10-27,,,,,,competitor_promo,36.44380871619343
2025-10-27,,,,,,weather,0.2881412240835425
2025-10-27,,,,,,holiday,0.0
2025-10-27,,,,,,brand_awareness,48.9130086324327
2025-10-27,,,,,,noise_1,-0.8023734034041372
2025-10-27,,,,,,noise_2,0.7829022092234253
2025-10-27,,,,,,noise_3,-0.4569374233833317
2025-10-27,,,,,,noise_4,1.0221501012262166
2025-10-27,,,,,,noise_5,0.28834756215979446
2025-10-27,,,,,,noise_6,-0.3628784297213556
2025-11-03,,,,,,Sales,809.1655049738258
2025-11-03,,,,,,TV,4.05332946141656
2025-11-03,,,,,,Search,10.861153783688179
2025-11-03,,,,,,Social,16.592644240507788
2025-11-03,,,,,,Display,6.446564317230736
2025-11-03,,,,,,Video,5.649821985898454
2025-11-03,,,,,,Radio,6.691021100390376
2025-11-03,,,,,,Print,4.719954523602377
2025-11-03,,,,,,category_demand,101.81437168668305
2025-11-03,,,,,,distribution,90.32599239095262
2025-11-03,,,,,,price,11.822697556478733
2025-11-03,,,,,,competitor_promo,36.089328471026185
2025-11-03,,,,,,weather,0.39229217779427245
2025-11-03,,,,,,holiday,0.0
2025-11-03,,,,,,brand_awareness,46.7235655492429
2025-11-03,,,,,,noise_1,-0.8968865845140274
2025-11-03,,,,,,noise_2,0.6895737747267023
2025-11-03,,,,,,noise_3,-0.3726419249159535
2025-11-03,,,,,,noise_4,1.171033442157982
2025-11-03,,,,,,noise_5,0.21306240375543206
2025-11-03,,,,,,noise_6,-0.3802321461369328
2025-11-10,,,,,,Sales,690.9190359641625
2025-11-10,,,,,,TV,3.6449424925970018
2025-11-10,,,,,,Search,5.646900467681384
2025-11-10,,,,,,Social,18.64795102033444
2025-11-10,,,,,,Display,10.84783033056488
2025-11-10,,,,,,Video,5.445827761662789
2025-11-10,,,,,,Radio,9.366370239559425
2025-11-10,,,,,,Print,5.56302549086728
2025-11-10,,,,,,category_demand,108.34190373657711
2025-11-10,,,,,,distribution,87.29193450336552
2025-11-10,,,,,,price,11.767638413978116
2025-11-10,,,,,,competitor_promo,38.132496868292165
2025-11-10,,,,,,weather,0.1168163779740895
2025-11-10,,,,,,holiday,0.0
2025-11-10,,,,,,brand_awareness,40.30460830900974
2025-11-10,,,,,,noise_1,-0.8905913842622132
2025-11-10,,,,,,noise_2,0.6752145601460942
2025-11-10,,,,,,noise_3,-0.2939183764017072
2025-11-10,,,,,,noise_4,1.2188669856525551
2025-11-10,,,,,,noise_5,0.22313026401639563
2025-11-10,,,,,,noise_6,-0.2853308367327358
2025-11-17,,,,,,Sales,794.8468560219147
2025-11-17,,,,,,TV,23.198017304029346
2025-11-17,,,,,,Search,80.19090866594671
2025-11-17,,,,,,Social,3.4993280016591672
2025-11-17,,,,,,Display,11.048770222850994
2025-11-17,,,,,,Video,6.1506005936282415
2025-11-17,,,,,,Radio,5.282136288832436
2025-11-17,,,,,,Print,3.6176170645293757
2025-11-17,,,,,,category_demand,106.39709102494035
2025-11-17,,,,,,distribution,85.29828938302362
2025-11-17,,,,,,price,11.715967626634423
2025-11-17,,,,,,competitor_promo,38.85013461283434
2025-11-17,,,,,,weather,0.09075863543726104
2025-11-17,,,,,,holiday,0.0
2025-11-17,,,,,,brand_awareness,43.538833394344046
2025-11-17,,,,,,noise_1,-0.786455387927317
2025-11-17,,,,,,noise_2,0.5732741596723173
2025-11-17,,,,,,noise_3,-0.24206363248588994
2025-11-17,,,,,,noise_4,1.3028987531595742
2025-11-17,,,,,,noise_5,0.20211207747922655
2025-11-17,,,,,,noise_6,-0.2253585075862568
2025-11-24,,,,,,Sales,819.6015659729958
2025-11-24,,,,,,TV,15.02512414043153
2025-11-24,,,,,,Search,9.62085194842567
2025-11-24,,,,,,Social,3.5187158771096727
2025-11-24,,,,,,Display,7.0773227323940215
2025-11-24,,,,,,Video,23.034091685246004
2025-11-24,,,,,,Radio,5.109815315168128
2025-11-24,,,,,,Print,3.275242623086377
2025-11-24,,,,,,category_demand,72.04696747243996
2025-11-24,,,,,,distribution,87.26027716910009
2025-11-24,,,,,,price,10.868438670879602
2025-11-24,,,,,,competitor_promo,39.83998235403233
2025-11-24,,,,,,weather,0.7305432594403709
2025-11-24,,,,,,holiday,0.0
2025-11-24,,,,,,brand_awareness,52.37907857195697
2025-11-24,,,,,,noise_1,-0.6851964485769709
2025-11-24,,,,,,noise_2,0.641591003882813
2025-11-24,,,,,,noise_3,-0.1945837630292789
2025-11-24,,,,,,noise_4,1.3581590344180676
2025-11-24,,,,,,noise_5,0.10528042428135188
2025-11-24,,,,,,noise_6,-0.16766606898983966
2025-12-01,,,,,,Sales,704.1648345397504
2025-12-01,,,,,,TV,12.21151229440687
2025-12-01,,,,,,Search,7.546525861819294
2025-12-01,,,,,,Social,2.3830845582502564
2025-12-01,,,,,,Display,8.63547906080609
2025-12-01,,,,,,Video,37.18265468530902
2025-12-01,,,,,,Radio,7.581813988924121
2025-12-01,,,,,,Print,5.303845738692982
2025-12-01,,,,,,category_demand,80.60133426315569
2025-12-01,,,,,,distribution,85.56067477366446
2025-12-01,,,,,,price,10.82574462591445
2025-12-01,,,,,,competitor_promo,40.53833406421612
2025-12-01,,,,,,weather,0.29108758471109153
2025-12-01,,,,,,holiday,0.0
2025-12-01,,,,,,brand_awareness,53.355879026849
2025-12-01,,,,,,noise_1,-0.532186937963884
2025-12-01,,,,,,noise_2,0.6513256822551597
2025-12-01,,,,,,noise_3,-0.05175386259212338
2025-12-01,,,,,,noise_4,1.5339882137287446
2025-12-01,,,,,,noise_5,-0.051350710770880735
2025-12-01,,,,,,noise_6,-0.1467181590391062
2025-12-08,,,,,,Sales,800.7981861675734
2025-12-08,,,,,,TV,9.14601055218492
2025-12-08,,,,,,Search,3.6587571085649073
2025-12-08,,,,,,Social,3.051210630562903
2025-12-08,,,,,,Display,41.43862583220975
2025-12-08,,,,,,Video,42.38098863513141
2025-12-08,,,,,,Radio,24.323143720757745
2025-12-08,,,,,,Print,15.812955358248688
2025-12-08,,,,,,category_demand,84.20738455395555
2025-12-08,,,,,,distribution,87.15622284670201
2025-12-08,,,,,,price,11.588508067053173
2025-12-08,,,,,,competitor_promo,40.65438721920748
2025-12-08,,,,,,weather,-0.3520880968854286
2025-12-08,,,,,,holiday,0.0
2025-12-08,,,,,,brand_awareness,57.43953029995073
2025-12-08,,,,,,noise_1,-0.5612408887016646
2025-12-08,,,,,,noise_2,0.6354917983944413
2025-12-08,,,,,,noise_3,-0.053670504205580255
2025-12-08,,,,,,noise_4,1.347697032208607
2025-12-08,,,,,,noise_5,-0.14373071592584016
2025-12-08,,,,,,noise_6,-0.08191059861786416
2025-12-15,,,,,,Sales,863.2051296710961
2025-12-15,,,,,,TV,5.178633410708728
2025-12-15,,,,,,Search,19.361902518133054
2025-12-15,,,,,,Social,2.595790054241848
2025-12-15,,,,,,Display,99.1533551640982
2025-12-15,,,,,,Video,13.488550170673674
2025-12-15,,,,,,Radio,50.95214032370092
2025-12-15,,,,,,Print,31.459270058500355
2025-12-15,,,,,,category_demand,122.63050295101522
2025-12-15,,,,,,distribution,86.31858391880107
2025-12-15,,,,,,price,10.757271987173395
2025-12-15,,,,,,competitor_promo,40.40467601427445
2025-12-15,,,,,,weather,0.17941236969190014
2025-12-15,,,,,,holiday,0.0
2025-12-15,,,,,,brand_awareness,49.101264200148414
2025-12-15,,,,,,noise_1,-0.6676485097086095
2025-12-15,,,,,,noise_2,0.6717917113506002
2025-12-15,,,,,,noise_3,0.12827762522924696
2025-12-15,,,,,,noise_4,1.4734181216946824
2025-12-15,,,,,,noise_5,-0.0013153729573426216
2025-12-15,,,,,,noise_6,0.06003826013870757
2025-12-22,,,,,,Sales,794.3341668785761
2025-12-22,,,,,,TV,4.965021686521015
2025-12-22,,,,,,Search,17.07167037361677
2025-12-22,,,,,,Social,2.434412084724776
2025-12-22,,,,,,Display,39.9243364094584
2025-12-22,,,,,,Video,3.123482164179991
2025-12-22,,,,,,Radio,44.339975234682974
2025-12-22,,,,,,Print,28.982213550542287
2025-12-22,,,,,,category_demand,128.97116113043467
2025-12-22,,,,,,distribution,86.26835365207255
2025-12-22,,,,,,price,11.532491878657293
2025-12-22,,,,,,competitor_promo,39.801018359933
2025-12-22,,,,,,weather,0.24103686170016664
2025-12-22,,,,,,holiday,0.0
2025-12-22,,,,,,brand_awareness,43.61722936699545
2025-12-22,,,,,,noise_1,-0.5675777502550172
2025-12-22,,,,,,noise_2,0.6476220348104462
2025-12-22,,,,,,noise_3,0.03498501618685196
2025-12-22,,,,,,noise_4,1.4478219483953263
2025-12-22,,,,,,noise_5,0.19113040002071627
2025-12-22,,,,,,noise_6,-0.04438150978051713
2025-12-29,,,,,,Sales,804.4469160570834
2025-12-29,,,,,,TV,3.542125114224683
2025-12-29,,,,,,Search,9.455924696996554
2025-12-29,,,,,,Social,8.192642581955395
2025-12-29,,,,,,Display,85.67920032880066
2025-12-29,,,,,,Video,5.441099943045882
2025-12-29,,,,,,Radio,65.55648297587989
2025-12-29,,,,,,Print,44.04612498595316
2025-12-29,,,,,,category_demand,99.55517092474136
2025-12-29,,,,,,distribution,86.76731940601555
2025-12-29,,,,,,price,11.514529091286974
2025-12-29,,,,,,competitor_promo,41.289769298833015
2025-12-29,,,,,,weather,-0.36343741723761497
2025-12-29,,,,,,holiday,0.0
2025-12-29,,,,,,brand_awareness,41.661417490768905
2025-12-29,,,,,,noise_1,-0.5372185949625891
2025-12-29,,,,,,noise_2,0.49525735187143133
2025-12-29,,,,,,noise_3,0.009976513371617136
2025-12-29,,,,,,noise_4,1.4202953955268718
2025-12-29,,,,,,noise_5,0.2548795624127271
2025-12-29,,,,,,noise_6,-0.08922350180566183
2026-01-05,,,,,,Sales,730.9510822675355
2026-01-05,,,,,,TV,3.746872796333874
2026-01-05,,,,,,Search,55.52856118097978
2026-01-05,,,,,,Social,13.751753181068874
2026-01-05,,,,,,Display,41.482462991062675
2026-01-05,,,,,,Video,4.6414564515838
2026-01-05,,,,,,Radio,26.6157306725643
2026-01-05,,,,,,Print,17.146867224964932
2026-01-05,,,,,,category_demand,85.41935732089075
2026-01-05,,,,,,distribution,85.0372483068555
2026-01-05,,,,,,price,10.703645562950973
2026-01-05,,,,,,competitor_promo,39.16340008922728
2026-01-05,,,,,,weather,-0.5729463497224704
2026-01-05,,,,,,holiday,0.0
2026-01-05,,,,,,brand_awareness,46.766809895788015
2026-01-05,,,,,,noise_1,-0.42700616617297243
2026-01-05,,,,,,noise_2,0.5536735246616307
2026-01-05,,,,,,noise_3,-0.12520598178268402
2026-01-05,,,,,,noise_4,1.325230379532913
2026-01-05,,,,,,noise_5,0.3711691217829359
2026-01-05,,,,,,noise_6,-0.225380223810044
2026-01-12,,,,,,Sales,714.8396714423872
2026-01-12,,,,,,TV,4.323818093523852
2026-01-12,,,,,,Search,41.8703407004168
2026-01-12,,,,,,Social,16.69660814225079
2026-01-12,,,,,,Display,29.938599196670253
2026-01-12,,,,,,Video,5.08307146116493
2026-01-12,,,,,,Radio,6.451118618267198
2026-01-12,,,,,,Print,4.2703811658929665
2026-01-12,,,,,,category_demand,100.99945341092148
2026-01-12,,,,,,distribution,85.3934482653307
2026-01-12,,,,,,price,11.5
2026-01-12,,,,,,competitor_promo,41.792773408257524
2026-01-12,,,,,,weather,-0.5806388523496875
2026-01-12,,,,,,holiday,0.0
2026-01-12,,,,,,brand_awareness,39.69224283505861
2026-01-12,,,,,,noise_1,-0.42592202921050915
2026-01-12,,,,,,noise_2,0.581940740514503
2026-01-12,,,,,,noise_3,-0.15891569977616543
2026-01-12,,,,,,noise_4,1.1419897130650438
2026-01-12,,,,,,noise_5,0.32048947992113747
2026-01-12,,,,,,noise_6,-0.06665752177036405
2026-01-19,,,,,,Sales,853.8845799437092
2026-01-19,,,,,,TV,37.11893374284275
2026-01-19,,,,,,Search,89.48213641224865
2026-01-19,,,,,,Social,26.984606051319144
2026-01-19,,,,,,Display,6.873982221723851
2026-01-19,,,,,,Video,13.643990564654738
2026-01-19,,,,,,Radio,6.644829658357272
2026-01-19,,,,,,Print,4.140041427612136
2026-01-19,,,,,,category_demand,128.61395743621117
2026-01-19,,,,,,distribution,83.55538960800953
2026-01-19,,,,,,price,11.503645562950974
2026-01-19,,,,,,competitor_promo,41.859605987724954
2026-01-19,,,,,,weather,-0.49632892222560787
2026-01-19,,,,,,holiday,0.0
2026-01-19,,,,,,brand_awareness,46.38011280906012
2026-01-19,,,,,,noise_1,-0.3086792905550357
2026-01-19,,,,,,noise_2,0.5668319925351968
2026-01-19,,,,,,noise_3,-0.10807823665483812
2026-01-19,,,,,,noise_4,1.1045418422989561
2026-01-19,,,,,,noise_5,0.3129241357529004
2026-01-19,,,,,,noise_6,0.060510958343400534
2026-01-26,,,,,,Sales,819.8330570129694
2026-01-26,,,,,,TV,37.778670424813065
2026-01-26,,,,,,Search,6.463975891263903
2026-01-26,,,,,,Social,13.462399890504175
2026-01-26,,,,,,Display,8.38019027876091
2026-01-26,,,,,,Video,36.66836936810597
2026-01-26,,,,,,Radio,3.373502019360842
2026-01-26,,,,,,Print,1.9080572796389301
2026-01-26,,,,,,category_demand,110.40266492024838
2026-01-26,,,,,,distribution,85.65513961631088
2026-01-26,,,,,,price,10.714529091286973
2026-01-26,,,,,,competitor_promo,40.39128371796012
2026-01-26,,,,,,weather,-0.48352251246188893
2026-01-26,,,,,,holiday,0.0
2026-01-26,,,,,,brand_awareness,55.87367253577016
2026-01-26,,,,,,noise_1,-0.22568417572972496
2026-01-26,,,,,,noise_2,0.6634118279337453
2026-01-26,,,,,,noise_3,0.0342282288682395
2026-01-26,,,,,,noise_4,1.0371471885144778
2026-01-26,,,,,,noise_5,0.3406514989769682
2026-01-26,,,,,,noise_6,0.13427848967715694
2026-02-02,,,,,,Sales,771.6061155099371
2026-02-02,,,,,,TV,37.42153445634376
2026-02-02,,,,,,Search,11.767113724328222
2026-02-02,,,,,,Social,2.8320887450515992
2026-02-02,,,,,,Display,6.1759011196585645
2026-02-02,,,,,,Video,33.32099027315203
2026-02-02,,,,,,Radio,6.567899339375314
2026-02-02,,,,,,Print,4.456495562549877
2026-02-02,,,,,,category_demand,107.09940802830535
2026-02-02,,,,,,distribution,84.40760608300033
2026-02-02,,,,,,price,11.532491878657293
2026-02-02,,,,,,competitor_promo,39.431989332566886
2026-02-02,,,,,,weather,-0.40480067957069765
2026-02-02,,,,,,holiday,0.0
2026-02-02,,,,,,brand_awareness,59.9370301275862
2026-02-02,,,,,,noise_1,-0.15543332637448976
2026-02-02,,,,,,noise_2,0.782895146887876
2026-02-02,,,,,,noise_3,-0.030816387692712017
2026-02-02,,,,,,noise_4,1.0856049339833218
2026-02-02,,,,,,noise_5,0.234622331798515
2026-02-02,,,,,,noise_6,0.016750853596467663
2026-02-09,,,,,,Sales,764.1548210030064
2026-02-09,,,,,,TV,17.432524165519574
2026-02-09,,,,,,Search,14.918137164786488
2026-02-09,,,,,,Social,3.4464196039430424
2026-02-09,,,,,,Display,7.049171658773874
2026-02-09,,,,,,Video,13.963362854495498
2026-02-09,,,,,,Radio,5.334736277094402
2026-02-09,,,,,,Print,3.5763984798435087
2026-02-09,,,,,,category_demand,103.93954452375073
2026-02-09,,,,,,distribution,86.58814858601892
2026-02-09,,,,,,price,11.557271987173396
2026-02-09,,,,,,competitor_promo,38.10430192250027
2026-02-09,,,,,,weather,-0.4685997221271678
2026-02-09,,,,,,holiday,0.0
2026-02-09,,,,,,brand_awareness,57.18460314791064
2026-02-09,,,,,,noise_1,-0.10605884600093218
2026-02-09,,,,,,noise_2,0.6757880225466422
2026-02-09,,,,,,noise_3,-0.030296241262113416
2026-02-09,,,,,,noise_4,0.9412377209325856
2026-02-09,,,,,,noise_5,0.13755031979489463
2026-02-09,,,,,,noise_6,0.03370948682336161
2026-02-16,,,,,,Sales,696.2380028879805
2026-02-16,,,,,,TV,4.832441198472059
2026-02-16,,,,,,Search,13.813255303974975
2026-02-16,,,,,,Social,1.7395477668461274
2026-02-16,,,,,,Display,12.726473712368758
2026-02-16,,,,,,Video,2.6779713234146985
2026-02-16,,,,,,Radio,23.95940321784677
2026-02-16,,,,,,Print,15.54002286495012
2026-02-16,,,,,,category_demand,106.37521304776648
2026-02-16,,,,,,distribution,85.67152505516272
2026-02-16,,,,,,price,11.588508067053173
2026-02-16,,,,,,competitor_promo,38.41849271663426
2026-02-16,,,,,,weather,-0.5374620444564755
2026-02-16,,,,,,holiday,0.0
2026-02-16,,,,,,brand_awareness,48.51824441370474
2026-02-16,,,,,,noise_1,-0.06706124935819133
2026-02-16,,,,,,noise_2,0.5991972123033165
2026-02-16,,,,,,noise_3,-0.06551971892064838
2026-02-16,,,,,,noise_4,1.0816189428251257
2026-02-16,,,,,,noise_5,0.14707933870197454
2026-02-16,,,,,,noise_6,0.010701204629986876
2026-02-23,,,,,,Sales,793.9147924066568
2026-02-23,,,,,,TV,3.7597939257303103
2026-02-23,,,,,,Search,78.65369899297893
2026-02-23,,,,,,Social,2.2053269634155104
2026-02-23,,,,,,Display,11.049323991015982
2026-02-23,,,,,,Video,4.327954030561885
2026-02-23,,,,,,Radio,51.09406426338049
2026-02-23,,,,,,Print,32.981282800365726
2026-02-23,,,,,,category_demand,98.46747986582984
2026-02-23,,,,,,distribution,87.59862707827635
2026-02-23,,,,,,price,10.82574462591445
2026-02-23,,,,,,competitor_promo,37.01068668142551
2026-02-23,,,,,,weather,-0.5322236203254542
2026-02-23,,,,,,holiday,0.0
2026-02-23,,,,,,brand_awareness,49.32453077709462
2026-02-23,,,,,,noise_1,-0.044210208447929236
2026-02-23,,,,,,noise_2,0.7509209987727693
2026-02-23,,,,,,noise_3,-0.13794540182066092
2026-02-23,,,,,,noise_4,1.1082842499973629
2026-02-23,,,,,,noise_5,0.11567095459460887
2026-02-23,,,,,,noise_6,0.018626948821817646
2026-03-02,,,,,,Sales,665.7598657266523
2026-03-02,,,,,,TV,2.095713949479253
2026-03-02,,,,,,Search,47.373922430311886
2026-03-02,,,,,,Social,2.8031450247257403
2026-03-02,,,,,,Display,11.057081640058835
2026-03-02,,,,,,Video,5.889313059886187
2026-03-02,,,,,,Radio,46.22955459684216
2026-03-02,,,,,,Print,31.625517081941705
2026-03-02,,,,,,category_demand,84.92446049180897
2026-03-02,,,,,,distribution,88.49818329259354
2026-03-02,,,,,,price,11.668438670879603
2026-03-02,,,,,,competitor_promo,39.25059024668759
2026-03-02,,,,,,weather,-0.7763815806301123
2026-03-02,,,,,,holiday,0.0
2026-03-02,,,,,,brand_awareness,42.946535053669564
2026-03-02,,,,,,noise_1,-0.022058279147910108
2026-03-02,,,,,,noise_2,0.8900508709775125
2026-03-02,,,,,,noise_3,-0.2545736526418947
2026-03-02,,,,,,noise_4,1.083975391120677
2026-03-02,,,,,,noise_5,0.011380632042986128
2026-03-02,,,,,,noise_6,0.00018044855735220252
2026-03-09,,,,,,Sales,716.7812551938237
2026-03-09,,,,,,TV,5.409856038247374
2026-03-09,,,,,,Search,63.72270715322826
2026-03-09,,,,,,Social,2.9592385711104443
2026-03-09,,,,,,Display,36.429158356339364
2026-03-09,,,,,,Video,5.176156130623504
2026-03-09,,,,,,Radio,26.555605979967417
2026-03-09,,,,,,Print,16.609614552611006
2026-03-09,,,,,,category_demand,112.05464979210879
2026-03-09,,,,,,distribution,86.08869882628613
2026-03-09,,,,,,price,11.715967626634422
2026-03-09,,,,,,competitor_promo,37.717670063639495
2026-03-09,,,,,,weather,-1.453853017888638
2026-03-09,,,,,,holiday,0.0
2026-03-09,,,,,,brand_awareness,45.208652665995345
2026-03-09,,,,,,noise_1,0.07503828941003307
2026-03-09,,,,,,noise_2,0.8176454676820638
2026-03-09,,,,,,noise_3,-0.2486253359959107
2026-03-09,,,,,,noise_4,1.014410708411115
2026-03-09,,,,,,noise_5,0.04928322569285792
2026-03-09,,,,,,noise_6,0.05116601778197299
2026-03-16,,,,,,Sales,688.1806724887108
2026-03-16,,,,,,TV,8.6676441200682
2026-03-16,,,,,,Search,10.35367315803805
2026-03-16,,,,,,Social,8.115325467687713
2026-03-16,,,,,,Display,43.61647474341786
2026-03-16,,,,,,Video,17.948088366266628
2026-03-16,,,,,,Radio,19.031078636165045
2026-03-16,,,,,,Print,11.726468648190496
2026-03-16,,,,,,category_demand,103.45759479472764
2026-03-16,,,,,,distribution,87.42437338096127
2026-03-16,,,,,,price,11.767638413978116
2026-03-16,,,,,,competitor_promo,33.26088788354357
2026-03-16,,,,,,weather,-1.0391501933470344
2026-03-16,,,,,,holiday,0.0
2026-03-16,,,,,,brand_awareness,46.54273011199199
2026-03-16,,,,,,noise_1,0.02483455195167189
2026-03-16,,,,,,noise_2,0.7018673216003359
2026-03-16,,,,,,noise_3,-0.418468282842641
2026-03-16,,,,,,noise_4,0.9372187057766916
2026-03-16,,,,,,noise_5,0.02346656625720705
2026-03-16,,,,,,noise_6,0.012448783231028767
2026-03-23,,,,,,Sales,921.6658969320655
2026-03-23,,,,,,TV,46.22382870346137
2026-03-23,,,,,,Search,21.800455593796165
2026-03-23,,,,,,Social,24.615835281986882
2026-03-23,,,,,,Display,73.2196808945661
2026-03-23,,,,,,Video,40.023789972249055
2026-03-23,,,,,,Radio,4.652574324731234
2026-03-23,,,,,,Print,2.9572948255618967
2026-03-23,,,,,,category_demand,149.52809675262208
2026-03-23,,,,,,distribution,87.67506363996547
2026-03-23,,,,,,price,11.02269755647873
2026-03-23,,,,,,competitor_promo,31.827281891691158
2026-03-23,,,,,,weather,-0.8963844348400121
2026-03-23,,,,,,holiday,0.0
2026-03-23,,,,,,brand_awareness,59.154888048116774
2026-03-23,,,,,,noise_1,0.1950324823054274
2026-03-23,,,,,,noise_2,0.6393486793362326
2026-03-23,,,,,,noise_3,-0.4076286350897919
2026-03-23,,,,,,noise_4,0.8264045422293597
2026-03-23,,,,,,noise_5,0.12361856098255215
2026-03-23,,,,,,noise_6,0.09624631565981613
2026-03-30,,,,,,Sales,988.7759854906367
2026-03-30,,,,,,TV,83.35182301733585
2026-03-30,,,,,,Search,26.64610628521212
2026-03-30,,,,,,Social,25.248588476065336
2026-03-30,,,,,,Display,74.53192726422753
2026-03-30,,,,,,Video,46.775138607245246
2026-03-30,,,,,,Radio,5.156293846147738
2026-03-30,,,,,,Print,3.559895368616903
2026-03-30,,,,,,category_demand,144.2671259820686
2026-03-30,,,,,,distribution,90.67102391398578
2026-03-30,,,,,,price,11.880342167856222
2026-03-30,,,,,,competitor_promo,27.888247793183762
2026-03-30,,,,,,weather,-1.0817535283330442
2026-03-30,,,,,,holiday,0.0
2026-03-30,,,,,,brand_awareness,63.39592613500211
2026-03-30,,,,,,noise_1,0.18461454361388194
2026-03-30,,,,,,noise_2,0.5905043470592379
2026-03-30,,,,,,noise_3,-0.4055741287840305
2026-03-30,,,,,,noise_4,0.7730255814844529
2026-03-30,,,,,,noise_5,0.12311051215041838
2026-03-30,,,,,,noise_6,0.11991702898123949
2026-04-06,,,,,,Sales,904.6809299252293
2026-04-06,,,,,,TV,70.89569905221408
2026-04-06,,,,,,Search,35.40388764364169
2026-04-06,,,,,,Social,16.33552729712741
2026-04-06,,,,,,Display,53.15413905860171
2026-04-06,,,,,,Video,8.691847553275702
2026-04-06,,,,,,Radio,4.814533408024585
2026-04-06,,,,,,Print,2.8478935341605855
2026-04-06,,,,,,category_demand,135.15581051817904
2026-04-06,,,,,,distribution,92.58254838492965
2026-04-06,,,,,,price,11.939731659872338
2026-04-06,,,,,,competitor_promo,27.810058544316654
2026-04-06,,,,,,weather,-0.6555941033246575
2026-04-06,,,,,,holiday,0.0
2026-04-06,,,,,,brand_awareness,62.756702210539764
2026-04-06,,,,,,noise_1,0.281239217481283
2026-04-06,,,,,,noise_2,0.43517391268219996
2026-04-06,,,,,,noise_3,-0.4700718520394991
2026-04-06,,,,,,noise_4,0.7736188734769998
2026-04-06,,,,,,noise_5,0.09366304109063432
2026-04-06,,,,,,noise_6,0.09117854588261368
2026-04-13,,,,,,Sales,976.4732998319342
2026-04-13,,,,,,TV,34.567720685116136
2026-04-13,,,,,,Search,204.9638280691941
2026-04-13,,,,,,Social,11.189977518629934
2026-04-13,,,,,,Display,22.547153384264302
2026-04-13,,,,,,Video,4.561626068431265
2026-04-13,,,,,,Radio,5.141644829046759
2026-04-13,,,,,,Print,3.5503638145392538
2026-04-13,,,,,,category_demand,154.48094519544384
2026-04-13,,,,,,distribution,91.7773049230546
2026-04-13,,,,,,price,12.0
2026-04-13,,,,,,competitor_promo,29.887238236506192
2026-04-13,,,,,,weather,-0.9856467535460243
2026-04-13,,,,,,holiday,0.0
2026-04-13,,,,,,brand_awareness,56.43902812441711
2026-04-13,,,,,,noise_1,0.27239034099156956
2026-04-13,,,,,,noise_2,0.43823011325822975
2026-04-13,,,,,,noise_3,-0.5691991026035665
2026-04-13,,,,,,noise_4,0.7562269563671716
2026-04-13,,,,,,noise_5,0.10618242686083676
2026-04-13,,,,,,noise_6,0.08021042087092028
2026-04-20,,,,,,Sales,864.649104761128
2026-04-20,,,,,,TV,9.858166316174627
2026-04-20,,,,,,Search,222.17833337057488
2026-04-20,,,,,,Social,3.2814193721732714
2026-04-20,,,,,,Display,6.798977073709791
2026-04-20,,,,,,Video,5.390366222473415
2026-04-20,,,,,,Radio,3.1436557001020184
2026-04-20,,,,,,Print,1.9448764143919113
2026-04-20,,,,,,category_demand,151.71719409706378
2026-04-20,,,,,,distribution,90.4528662646019
2026-04-20,,,,,,price,12.060268340127662
2026-04-20,,,,,,competitor_promo,31.15759972176605
2026-04-20,,,,,,weather,-1.0911197430784203
2026-04-20,,,,,,holiday,0.0
2026-04-20,,,,,,brand_awareness,50.297444425935005
2026-04-20,,,,,,noise_1,0.24820275014466875
2026-04-20,,,,,,noise_2,0.3126982432262693
2026-04-20,,,,,,noise_3,-0.704941599559973
2026-04-20,,,,,,noise_4,0.6175250088619605
2026-04-20,,,,,,noise_5,0.08931806170784722
2026-04-20,,,,,,noise_6,0.037007270760173724
2026-04-27,,,,,,Sales,913.7983117803433
2026-04-27,,,,,,TV,8.801655420921668
2026-04-27,,,,,,Search,166.566564112703
2026-04-27,,,,,,Social,3.0127888053037166
2026-04-27,,,,,,Display,8.852112277762867
2026-04-27,,,,,,Video,5.580874290060038
2026-04-27,,,,,,Radio,29.140274502580322
2026-04-27,,,,,,Print,17.535788654321106
2026-04-27,,,,,,category_demand,163.65396026883573
2026-04-27,,,,,,distribution,93.64622580808609
2026-04-27,,,,,,price,12.119657832143778
2026-04-27,,,,,,competitor_promo,28.53437088064955
2026-04-27,,,,,,weather,-0.3040578665040466
2026-04-27,,,,,,holiday,0.0
2026-04-27,,,,,,brand_awareness,41.98209829970513
2026-04-27,,,,,,noise_1,0.44748042306916946
2026-04-27,,,,,,noise_2,0.194009773137568
2026-04-27,,,,,,noise_3,-0.5214427517923562
2026-04-27,,,,,,noise_4,0.5914584052399248
2026-04-27,,,,,,noise_5,0.023810757224058333
2026-04-27,,,,,,noise_6,0.11681516766017574
2026-05-04,,,,,,Sales,901.8789374437038
2026-05-04,,,,,,TV,13.63565497435386
2026-05-04,,,,,,Search,26.648714556261208
2026-05-04,,,,,,Social,1.6688637227960892
2026-05-04,,,,,,Display,8.913404189683712
2026-05-04,,,,,,Video,7.19938670382855
2026-05-04,,,,,,Radio,45.89655243299956
2026-05-04,,,,,,Print,31.822098242851585
2026-05-04,,,,,,category_demand,148.296965676828
2026-05-04,,,,,,distribution,89.63880690261954
2026-05-04,,,,,,price,12.177302443521267
2026-05-04,,,,,,competitor_promo,27.03946528255171
2026-05-04,,,,,,weather,-0.4507460177610255
2026-05-04,,,,,,holiday,0.0
2026-05-04,,,,,,brand_awareness,48.583738349905616
2026-05-04,,,,,,noise_1,0.4171466712197466
2026-05-04,,,,,,noise_2,0.28384139859261676
2026-05-04,,,,,,noise_3,-0.6530339391384182
2026-05-04,,,,,,noise_4,0.5038746145762426
2026-05-04,,,,,,noise_5,-0.015604279792096316
2026-05-04,,,,,,noise_6,0.09019588485046698
2026-05-11,,,,,,Sales,927.2744523647691
2026-05-11,,,,,,TV,7.483892298729864
2026-05-11,,,,,,Search,52.030021980072
2026-05-11,,,,,,Social,3.7578101283234004
2026-05-11,,,,,,Display,12.426919994773678
2026-05-11,,,,,,Video,27.70136482811447
2026-05-11,,,,,,Radio,66.4727481361344
2026-05-11,,,,,,Print,42.484780386399144
2026-05-11,,,,,,category_demand,166.4442131462054
2026-05-11,,,,,,distribution,94.6047450558619
2026-05-11,,,,,,price,11.432361586021884
2026-05-11,,,,,,competitor_promo,30.52765263077673
2026-05-11,,,,,,weather,-0.4884844751149605
2026-05-11,,,,,,holiday,0.0
2026-05-11,,,,,,brand_awareness,50.31005797388599
2026-05-11,,,,,,noise_1,0.29190526360492136
2026-05-11,,,,,,noise_2,0.21684917845504528
2026-05-11,,,,,,noise_3,-0.5002886559131179
2026-05-11,,,,,,noise_4,0.5195523526821539
2026-05-11,,,,,,noise_5,0.05788230326467482
2026-05-11,,,,,,noise_6,0.11911226733636143
2026-05-18,,,,,,Sales,888.5602298153807
2026-05-18,,,,,,TV,14.874705608858017
2026-05-18,,,,,,Search,28.10034185037072
2026-05-18,,,,,,Social,3.1155791467293987
2026-05-18,,,,,,Display,14.352267460736282
2026-05-18,,,,,,Video,43.43796065283052
2026-05-18,,,,,,Radio,66.47472371657355
2026-05-18,,,,,,Print,39.52664362921687
2026-05-18,,,,,,category_demand,148.4333355837964
2026-05-18,,,,,,distribution,91.79679600766383
2026-05-18,,,,,,price,12.284032373365578
2026-05-18,,,,,,competitor_promo,31.15230489556069
2026-05-18,,,,,,weather,-0.17187881482380113
2026-05-18,,,,,,holiday,0.0
2026-05-18,,,,,,brand_awareness,55.70494848634029
2026-05-18,,,,,,noise_1,0.22188374700578295
2026-05-18,,,,,,noise_2,0.20984085245002387
2026-05-18,,,,,,noise_3,-0.441437659337441
2026-05-18,,,,,,noise_4,0.7023965122537533
2026-05-18,,,,,,noise_5,0.12127848316509596
2026-05-18,,,,,,noise_6,0.0806338316852903
2026-05-25,,,,,,Sales,1020.3217179454904
2026-05-25,,,,,,TV,69.37431662280218
2026-05-25,,,,,,Search,31.874674057859686
2026-05-25,,,,,,Social,3.7537076042488904
2026-05-25,,,,,,Display,8.696992885849458
2026-05-25,,,,,,Video,41.74776082403589
2026-05-25,,,,,,Radio,17.457214470332755
2026-05-25,,,,,,Print,10.983523256573113
2026-05-25,,,,,,category_demand,152.89617108900546
2026-05-25,,,,,,distribution,89.011235844298
2026-05-25,,,,,,price,12.331561329120397
2026-05-25,,,,,,competitor_promo,31.16038231637283
2026-05-25,,,,,,weather,-0.02020177059411493
2026-05-25,,,,,,holiday,0.0
2026-05-25,,,,,,brand_awareness,63.715547424623324
2026-05-25,,,,,,noise_1,0.19077698690587105
2026-05-25,,,,,,noise_2,0.2715288254023411
2026-05-25,,,,,,noise_3,-0.4771328520420861
2026-05-25,,,,,,noise_4,0.7636850298253283
2026-05-25,,,,,,noise_5,0.2474034966049653
2026-05-25,,,,,,noise_6,-0.0649923883610657
2026-06-01,,,,,,Sales,1013.2462401444034
2026-06-01,,,,,,TV,77.58048705383229
2026-06-01,,,,,,Search,122.41721954264106
2026-06-01,,,,,,Social,8.101892686781536
2026-06-01,,,,,,Display,10.093701801621249
2026-06-01,,,,,,Video,21.099014350891352
2026-06-01,,,,,,Radio,3.5685435158103433
2026-06-01,,,,,,Print,2.4258644312255884
2026-06-01,,,,,,category_demand,127.82163487923194
2026-06-01,,,,,,distribution,97.52943166083274
2026-06-01,,,,,,price,12.37425537408555
2026-06-01,,,,,,competitor_promo,33.231491396026954
2026-06-01,,,,,,weather,-0.12077896938173803
2026-06-01,,,,,,holiday,0.0
2026-06-01,,,,,,brand_awareness,64.33125197167685
2026-06-01,,,,,,noise_1,0.40211093522402735
2026-06-01,,,,,,noise_2,0.35127200641227435
2026-06-01,,,,,,noise_3,-0.5905935713663772
2026-06-01,,,,,,noise_4,0.7329810937070753
2026-06-01,,,,,,noise_5,0.0813917821207817
2026-06-01,,,,,,noise_6,0.02385845864592297
2026-06-08,,,,,,Sales,1002.6739744377232
2026-06-08,,,,,,TV,64.90710284109504
2026-06-08,,,,,,Search,100.56655448723052
2026-06-08,,,,,,Social,17.675307038718497
2026-06-08,,,,,,Display,44.55244648185095
2026-06-08,,,,,,Video,4.112296131322776
2026-06-08,,,,,,Radio,4.478530078661349
2026-06-08,,,,,,Print,3.0925209027109934
2026-06-08,,,,,,category_demand,122.45779164600073
2026-06-08,,,,,,distribution,96.25906313224323
2026-06-08,,,,,,price,12.411491932946829
2026-06-08,,,,,,competitor_promo,38.04171249616538
2026-06-08,,,,,,weather,-0.8412626582555857
2026-06-08,,,,,,holiday,0.0
2026-06-08,,,,,,brand_awareness,60.91864194130646
2026-06-08,,,,,,noise_1,0.4223850223946247
2026-06-08,,,,,,noise_2,0.3182244638509698
2026-06-08,,,,,,noise_3,-0.48836867361094183
2026-06-08,,,,,,noise_4,0.5736481896906325
2026-06-08,,,,,,noise_5,0.04284606976613934
2026-06-08,,,,,,noise_6,-0.07989938244434656
2026-06-15,,,,,,Sales,990.8550792154235
2026-06-15,,,,,,TV,34.6072935408675
2026-06-15,,,,,,Search,132.68719281415983
2026-06-15,,,,,,Social,18.075496676747953
2026-06-15,,,,,,Display,60.15841936151188
2026-06-15,,,,,,Video,4.658839006597605
2026-06-15,,,,,,Radio,4.141427261240948
2026-06-15,,,,,,Print,2.5949877716226943
2026-06-15,,,,,,category_demand,137.7897281928089
2026-06-15,,,,,,distribution,92.647004024741
2026-06-15,,,,,,price,12.442728012826604
2026-06-15,,,,,,competitor_promo,40.584501897389245
2026-06-15,,,,,,weather,-0.1859995550831802
2026-06-15,,,,,,holiday,0.0
2026-06-15,,,,,,brand_awareness,51.73928490552156
2026-06-15,,,,,,noise_1,0.51404121210988
2026-06-15,,,,,,noise_2,0.3225505385538607
2026-06-15,,,,,,noise_3,-0.31876241968984625
2026-06-15,,,,,,noise_4,0.43492305783857116
2026-06-15,,,,,,noise_5,0.0021936125688232127
2026-06-15,,,,,,noise_6,-0.013302170313379593
2026-06-22,,,,,,Sales,930.4192450817834
2026-06-22,,,,,,TV,5.691925171770103
2026-06-22,,,,,,Search,29.901770873747186
2026-06-22,,,,,,Social,41.71748109933828
2026-06-22,,,,,,Display,67.10576612192041
2026-06-22,,,,,,Video,5.902482595971817
2026-06-22,,,,,,Radio,4.939667083648261
2026-06-22,,,,,,Print,3.2538679599953313
2026-06-22,,,,,,category_demand,131.84489804837344
2026-06-22,,,,,,distribution,94.71240785329215
2026-06-22,,,,,,price,12.467508121342707
2026-06-22,,,,,,competitor_promo,40.85791770683836
2026-06-22,,,,,,weather,0.0001018616500051972
2026-06-22,,,,,,holiday,0.0
2026-06-22,,,,,,brand_awareness,47.525268414342726
2026-06-22,,,,,,noise_1,0.415826255860933
2026-06-22,,,,,,noise_2,0.2416128222738567
2026-06-22,,,,,,noise_3,-0.41035104828010044
2026-06-22,,,,,,noise_4,0.2695262280187124
2026-06-22,,,,,,noise_5,0.01903729318721337
2026-06-22,,,,,,noise_6,0.027897198974232137
2026-06-29,,,,,,Sales,946.2495067550213
2026-06-29,,,,,,TV,6.199706351361457
2026-06-29,,,,,,Search,28.75785876593514
2026-06-29,,,,,,Social,13.515617935878042
2026-06-29,,,,,,Display,74.01670882367165
2026-06-29,,,,,,Video,7.676583522498675
2026-06-29,,,,,,Radio,5.712624739724837
2026-06-29,,,,,,Print,3.8331653266961196
2026-06-29,,,,,,category_demand,154.4871436443339
2026-06-29,,,,,,distribution,94.36030704312913
2026-06-29,,,,,,price,12.485470908713026
2026-06-29,,,,,,competitor_promo,41.553518449371914
2026-06-29,,,,,,weather,-0.039785218527084165
2026-06-29,,,,,,holiday,0.0
2026-06-29,,,,,,brand_awareness,47.94854892807947
2026-06-29,,,,,,noise_1,0.45040234336375357
2026-06-29,,,,,,noise_2,0.4129574986180948
2026-06-29,,,,,,noise_3,-0.43964542586426597
2026-06-29,,,,,,noise_4,0.3407132926559016
2026-06-29,,,,,,noise_5,-0.025300373759787605
2026-06-29,,,,,,noise_6,-0.13449024008142632
2026-07-06,,,,,,Sales,1077.6862112540077
2026-07-06,,,,,,TV,16.976784641002677
2026-07-06,,,,,,Search,46.93470503421498
2026-07-06,,,,,,Social,3.9900014611654897
2026-07-06,,,,,,Display,41.8203665317484
2026-07-06,,,,,,Video,20.043470453495306
2026-07-06,,,,,,Radio,13.031084547043491
2026-07-06,,,,,,Print,8.059304644374086
2026-07-06,,,,,,category_demand,194.98208166644346
2026-07-06,,,,,,distribution,95.01607321185195
2026-07-06,,,,,,price,12.496354437049026
2026-07-06,,,,,,competitor_promo,42.763711486392516
2026-07-06,,,,,,weather,0.4297523281574973
2026-07-06,,,,,,holiday,0.0
2026-07-06,,,,,,brand_awareness,51.094434246673295
2026-07-06,,,,,,noise_1,0.5162462126219962
2026-07-06,,,,,,noise_2,0.47669032176483267
2026-07-06,,,,,,noise_3,-0.3365252316788613
2026-07-06,,,,,,noise_4,0.26569207063424527
2026-07-06,,,,,,noise_5,-0.07562210780042204
2026-07-06,,,,,,noise_6,-0.22712388885463108
